D,fcy,Ac,As,αsc,Nu0,C,Ns,Vs,Vc,N
168.8,18.2,21000.5968716293,1378.09857324607,0.0656218764480835,798.947871613265,530.300839925957,416.737008549611,420320.064840051,6405182.04584694,1326.0
168.3,27.0,20383.6034682683,1862.71311616645,0.0913829156393368,1087.56375634565,528.730043599162,537.206462702405,568127.500430769,6216999.05782183,1557.0
168.8,33.4,19805.7310615853,2572.96438329004,0.129910093966715,1176.61888699162,530.300839925957,515.107469534666,784754.136903462,6040747.97378353,1966.0
168.8,33.4,19805.7310615853,2572.96438329004,0.129910093966715,1176.61888699162,530.300839925957,515.107469534666,784754.136903462,6040747.97378353,1970.0
168.8,27.9,19805.7310615853,2572.96438329004,0.129910093966715,1067.6873661529,530.300839925957,515.107469534666,784754.136903462,6040747.97378353,1984.0
168.8,27.9,19805.7310615853,2572.96438329004,0.129910093966715,1067.6873661529,530.300839925957,515.107469534666,784754.136903462,6040747.97378353,1984.0
168.8,18.2,21000.5968716293,1378.09857324607,0.0656218764480835,658.106197427517,530.300839925957,275.895334363863,2521920.38904031,38431092.2750817,823.0
168.3,27.0,20383.6034682683,1862.71311616645,0.0913829156393368,1087.56375634565,528.730043599162,537.206462702405,3976892.50301538,43518993.4047528,947.0
168.8,33.4,19805.7310615853,2572.96438329004,0.129910093966715,1439.57584696386,530.300839925957,778.064429506908,5493278.95832424,42285235.8164847,1130.0
168.8,27.8,19805.7310615853,2572.96438329004,0.129910093966715,1328.66375301898,530.300839925957,778.064429506908,5493278.95832424,42285235.8164847,1165.0
114.3,33.4,9042.51682066221,1218.30963106212,0.134731254055097,728.428432681861,359.084040305313,426.408370871743,278992.905513226,2070736.35193165,969.0
114.3,33.4,8708.56552158561,1552.26093013872,0.178245306450435,817.082543737984,359.084040305313,526.216455317025,355467.753001766,1994261.50444311,1069.0
178.0,22.163029,20106.1929829747,4778.36242611007,0.23765625,1799.39167678816,559.203492338983,1353.7775386269,1720210.47339963,7238229.47387088,2922.38170853439
178.0,22.163029,20106.1929829747,4778.36242611007,0.23765625,1799.39167678816,559.203492338983,1353.7775386269,1720210.47339963,7238229.47387088,2853.73515833392
178.0,45.4047895,20106.1929829747,4778.36242611007,0.23765625,2266.69499866524,559.203492338983,1353.7775386269,1720210.47339963,7238229.47387088,3216.58120939356
178.0,45.4047895,20106.1929829747,4778.36242611007,0.23765625,2266.69499866524,559.203492338983,1353.7775386269,1720210.47339963,7238229.47387088,3177.354609279
179.0,22.163029,22167.0777637296,2997.86478968806,0.135239512471655,1236.26051946918,562.345084992573,744.970932146391,1079231.3242877,7980147.99494265,1814.2302552982
179.0,23.928226,22167.0777637296,2997.86478968806,0.135239512471655,1275.38977863649,562.345084992573,744.970932146391,1079231.3242877,7980147.99494265,1814.2302552982
179.0,43.6395925,22167.0777637296,2997.86478968806,0.135239512471655,1712.33317267136,562.345084992573,744.970932146391,1079231.3242877,7980147.99494265,2039.78320595689
179.0,43.6395925,22167.0777637296,2997.86478968806,0.135239512471655,1712.33317267136,562.345084992573,744.970932146391,1079231.3242877,7980147.99494265,2029.97655592825
174.0,23.928226,22167.0777637296,1611.63703129156,0.0727040816326531,959.043945633962,546.637121724624,428.625099143866,580189.331264963,7980147.99494265,1314.09110383761
174.0,23.928226,22167.0777637296,1611.63703129156,0.0727040816326531,959.043945633962,546.637121724624,428.625099143866,580189.331264963,7980147.99494265,1304.28445380897
174.0,45.698989,22167.0777637296,1611.63703129156,0.0727040816326531,1441.63814203069,546.637121724624,428.625099143866,580189.331264963,7980147.99494265,1608.29060469678
174.0,45.698989,22167.0777637296,1611.63703129156,0.0727040816326531,1441.63814203069,546.637121724624,428.625099143866,580189.331264963,7980147.99494265,1676.93715489725
630.0,36.0,298024.045490142,13700.4855623051,0.0459710743801653,14721.1871305008,1979.20337176157,3992.3214928557,25893917.7127566,563265445.976369,16650.0
630.0,35.0,296844.729621256,14879.8014311916,0.0501265474720629,15590.0561369454,1979.20337176157,5200.49060020145,28122824.704952,561036538.984173,18000.0
630.0,34.5,295243.841549228,16480.6895032189,0.055820603799016,15954.153859575,1979.20337176157,5768.24132612662,31148503.1610838,558010860.528041,18600.0
630.0,38.4,291844.357125502,19880.1739269455,0.068119096503197,17634.0835442008,1979.20337176157,6427.26023058149,37573528.7219271,551585834.967198,20500.0
630.0,46.0,289188.50464748,22536.0264049672,0.0779285000710474,21127.1795815887,1979.20337176157,7824.50836780463,42593089.9053881,546566273.783737,24400.0
720.0,15.0,388592.67452529,18557.7333799468,0.0477562614957094,11618.9029324228,2261.94671058465,5790.01281454342,40084704.1006852,839360176.974627,15000.0
820.0,45.0,505347.624695269,22754.1003731755,0.0450266297123618,30272.2503348082,2576.10597594363,7531.60722352108,55975086.9180116,1243155156.75036,33600.0
1020.0,16.9,786529.543903148,30598.7052955567,0.0389034404781679,23573.5142712703,3204.42450666159,10281.164979307,93632038.2044035,2406780404.34363,30000.0
1020.0,28.9,775221.170345685,41907.0788530202,0.0540582229382785,37855.0317960988,3204.42450666159,15451.1399731086,128235661.290242,2372176781.2578,46000.0
114.0,33.2,8659.01475145687,1548.01978005637,0.178775510204082,706.992650143645,358.141562509236,419.513360395277,705897.019705705,3948510.72666433,1033.0
88.5,33.2,5089.57644835631,1061.85831691335,0.208633926160256,415.325067609327,278.030949842697,246.351129523897,375897.844187326,1801710.06271814,602.0
60.0,33.2,2206.18344098343,621.249947247381,0.281594873620505,211.784028476816,188.495559215388,138.538738236166,149099.987339372,529484.025836024,334.0
48.0,33.2,1320.25431267111,489.30305579661,0.370612730517549,192.58057214285,150.79644737231,148.74812896217,93946.1867129492,253488.828032853,273.0
131.76,17.4,12667.6869774374,967.373032901043,0.0763654039308077,447.750416139157,413.936248036991,227.332662731745,255386.480685875,3344269.36204348,535.0
134.3,26.6,12880.030052327,1285.79606780948,0.099828654326562,644.770875327125,421.915893377109,302.162075935228,339450.161901702,3400327.93381432,681.0
101.8,18.0,7226.17078462934,913.098878217628,0.126359991402343,422.262715152969,319.814132135441,292.191641029641,182619.775643526,1445234.15692587,628.0
101.8,18.0,6418.39945499009,1720.87020785688,0.268115161719791,640.396603586171,319.814132135441,524.865413396349,344174.041571377,1283679.89099802,954.0
101.8,37.4,6418.39945499009,1720.87020785688,0.268115161719791,764.913553012979,319.814132135441,524.865413396349,344174.041571377,1283679.89099802,971.0
100.0,18.0,7691.46830264134,162.513331333139,0.0211290386878835,178.09968229283,314.159265358979,39.6532528452859,32502.6662666278,1538293.66052827,239.0
89.27,30.2,5187.40792124377,1071.53442228641,0.206564519034294,399.57657275389,280.449976185961,242.916853532328,289314.29401733,1400600.13873582,491.0
86.54,48.0,5146.63758842255,735.344031585783,0.142878533596372,413.741096204779,271.873428241661,166.702491960497,198542.888528162,1389592.14887409,489.0
165.2,40.9,19324.7686201248,2109.56407308154,0.10916374289132,1547.08366957745,518.991106373034,756.700633014349,1393999.93949228,12769807.1041784,1594.0
76.0,57.0,4026.39080854682,510.068983236839,0.126681439405761,428.431179549536,238.761041672824,198.926903462367,135678.349540999,1071019.95507345,470.0
76.0,57.0,4026.39080854682,510.068983236839,0.126681439405761,428.431179549536,238.761041672824,198.926903462367,135678.349540999,1071019.95507345,480.0
76.0,57.0,4026.39080854682,510.068983236839,0.126681439405761,428.431179549536,238.761041672824,198.926903462367,135678.349540999,1071019.95507345,420.0
76.0,57.0,4026.39080854682,510.068983236839,0.126681439405761,428.431179549536,238.761041672824,198.926903462367,135678.349540999,1071019.95507345,465.0
101.7,57.0,7374.58244901831,748.70436120352,0.101524983465767,704.858856851381,319.499972870082,284.507657257337,266538.752588453,2625351.35185052,770.0
101.7,57.0,7374.58244901831,748.70436120352,0.101524983465767,704.858856851381,319.499972870082,284.507657257337,266538.752588453,2625351.35185052,775.0
101.7,57.0,7374.58244901831,748.70436120352,0.101524983465767,704.858856851381,319.499972870082,284.507657257337,266538.752588453,2625351.35185052,740.0
101.7,57.0,7374.58244901831,748.70436120352,0.101524983465767,704.858856851381,319.499972870082,284.507657257337,266538.752588453,2625351.35185052,690.0
101.7,57.0,7374.58244901831,748.70436120352,0.101524983465767,704.858856851381,319.499972870082,284.507657257337,266538.752588453,2625351.35185052,775.0
165.0,48.3,19945.6651381986,1436.79986029692,0.0720356954928145,1485.36501542086,518.362787842316,521.989389245871,834062.318902362,11578458.6127243,1661.6
190.0,41.0,27206.7063446457,1146.16735400215,0.0421281186881966,1409.35226969663,596.902604182061,293.877309566151,760482.039380425,18051649.6596724,1678.2
190.0,48.3,27452.840075958,900.033622689876,0.0327847180910833,1601.47246757414,596.902604182061,275.500291905371,598072.342277423,18242412.2304741,1694.8
165.0,80.2,19945.6651381986,1436.79986029692,0.0720356954928145,2121.6317333294,518.362787842316,521.989389245871,834062.318902362,11578458.6127243,2295.0
190.0,74.7,27206.7063446457,1146.16735400215,0.0421281186881966,2326.21827351119,596.902604182061,293.877309566151,760482.039380425,18051649.6596724,2592.0
190.0,80.2,27452.840075958,900.033622689876,0.0327847180910833,2477.2180659972,596.902604182061,275.500291905371,597172.308654733,18214959.3903981,2602.0
190.0,80.2,27682.3852555815,670.488443066359,0.0242207612124454,2344.63700137506,596.902604182061,124.509703877423,444198.593531463,18339580.2318228,2295.0
190.0,74.7,27841.8609809779,511.012717669979,0.0183541149788483,2187.45739489211,596.902604182061,107.670379613065,339056.938174031,18473074.7608788,2451.0
165.0,108.0,19945.6651381986,1436.79986029692,0.0720356954928145,2676.12122417132,518.362787842316,521.989389245871,829751.919321471,11518621.6173097,2673.0
190.0,108.0,27206.7063446457,1146.16735400215,0.0421281186881966,3232.20159478789,596.902604182061,293.877309566151,756470.453641417,17956426.1874662,3360.0
190.0,108.0,27452.840075958,900.033622689876,0.0327847180910833,3240.40702010884,596.902604182061,275.500291905371,595372.241409353,18160053.7102462,3260.0
190.0,108.0,27682.3852555815,670.488443066359,0.0242207612124454,3114.20731148023,596.902604182061,124.509703877423,442522.372423797,18270374.2686838,3058.0
190.0,108.0,27841.8609809779,511.012717669979,0.0183541149788483,3114.59136555868,596.902604182061,107.670379613065,338290.419097526,18431311.9694074,3070.0
115.9,60.75,8841.39205897939,1708.71224428749,0.193262806681229,1065.96100718998,364.110588551057,528.846439606978,608301.558966346,3147535.57299666,1174.0
130.6,60.75,12468.9812420979,927.052576147809,0.0743487024439403,1058.13376090218,410.292000558827,300.643150444735,367112.820154532,4937716.57187076,1250.0
133.1,60.75,12095.7678888331,1818.03966863241,0.150303782723117,1324.4081637841,418.145982192801,589.590264537492,721761.748447068,4802019.85186672,1535.0
165.7,60.75,18991.1239404912,2573.15287884925,0.135492395653477,2114.26874905926,520.561902699829,960.557969674427,1278856.98078808,9438588.5984241,2309.0
101.3,21.9,7589.21605911157,470.296420242391,0.0619690382483914,290.785353416753,318.243335808646,124.581521722209,145791.890275141,2352656.97832459,370.0
102.3,21.9,7738.17278982594,481.246755595746,0.0621912651302493,296.948249654501,321.384928462236,127.482265557313,149186.494234681,2398833.56484604,485.0
104.2,21.9,7747.53065186319,780.039862967485,0.100682384880903,376.30348097589,327.353954504056,206.632559700087,241812.35751992,2401734.50207759,450.0
105.0,18.4,7992.81992307017,666.1948283867,0.0833491602211405,323.542896624128,329.867228626928,176.475010039637,206520.396799877,2477774.17615175,539.0
105.1,18.4,7760.01659770561,915.499369164236,0.117976470492978,385.300088289389,330.181387892287,242.515782891606,283804.804440913,2405605.14528874,550.0
107.9,18.4,7738.17278982594,1405.75464169415,0.181664933037218,514.766783917577,338.977847322339,372.38440458478,435783.938925186,2398833.56484604,686.0
107.9,18.4,7738.17278982594,1405.75464169415,0.181664933037218,514.766783917577,338.977847322339,372.38440458478,596039.968078319,3280985.2628862,727.0
107.9,18.4,7738.17278982594,1405.75464169415,0.181664933037218,514.766783917577,338.977847322339,372.38440458478,596039.968078319,3280985.2628862,734.0
107.9,18.4,7738.17278982594,1405.75464169415,0.181664933037218,514.766783917577,338.977847322339,372.38440458478,596039.968078319,3280985.2628862,803.0
153.9,18.4,17742.2151969831,860.105236699812,0.0484778945103803,632.740234413291,483.491109387469,306.283474788803,404249.461248912,8338841.14258204,981.0
154.2,18.4,17413.2276142991,1261.68717162657,0.0724556756261839,769.690189919325,484.433587183546,449.286801816221,592992.970664486,8184216.97872059,1294.0
155.6,23.0,17751.6600811368,1263.89759621763,0.0711988394573116,858.362115879243,488.831816898572,450.073934013097,594031.870222284,8343280.2381343,1300.0
159.3,21.9,17389.8463109748,2540.80232849892,0.146108383194589,1285.61734338881,500.455709716854,904.779709178465,1194177.09439449,8173227.76615815,1577.0
160.2,21.9,17530.3697503699,2626.12013098878,0.149804035418784,1319.07647617821,503.283143105085,935.161378645106,1234276.46156473,8239273.78267384,1775.0
159.8,21.9,17586.7374623976,2469.22145404614,0.140402474269352,1264.43931021234,502.026506043649,879.289759785829,1160534.08340168,8265766.60732689,1746.0
264.6,21.9,51270.9884561263,3717.21882152541,0.0725014073935071,2324.98321407048,831.265416139859,1202.14856688132,3018381.68307864,41632042.6263745,3579.0
265.0,21.9,51270.9884561263,3883.59756845953,0.0757464930051585,2378.79010082898,832.522053201295,1255.95545363981,3153481.22558914,41632042.6263745,3789.0
264.4,21.9,51230.8624639583,3674.24968800593,0.0717194579847416,2310.2082370618,830.637097609141,1188.25234910112,2983490.74666082,41599460.3207341,3357.0
111.3,42.7,9042.51682066221,686.752154074729,0.0759470142765448,629.637782077175,349.659262344544,243.522313834899,274014.109475817,3607964.21144422,840.0
113.6,42.7,9025.67003005733,1109.8618526602,0.12296725328581,778.953123236756,356.8849254478,393.557012953308,374023.444346489,3041650.80012932,1141.0
113.6,42.7,9025.67003005733,1109.8618526602,0.12296725328581,778.953123236756,356.8849254478,393.557012953308,375133.306199149,3050676.47015938,1091.0
113.6,42.7,9025.67003005733,1109.8618526602,0.12296725328581,778.953123236756,356.8849254478,393.557012953308,372913.582493829,3032625.13009926,1139.0
114.8,42.7,8992.02357273739,1358.77023860412,0.151108393746179,869.99152090458,360.654836632108,486.032114348694,455188.02993238,3012327.89686702,1041.0
114.8,42.7,8992.02357273739,1358.77023860412,0.151108393746179,869.99152090458,360.654836632108,486.032114348694,459264.340648193,3039303.96758524,1110.0
114.8,42.7,8992.02357273739,1358.77023860412,0.151108393746179,869.99152090458,360.654836632108,486.032114348694,466058.191841213,3084264.08544892,1030.0
130.1,42.7,12370.2174230507,923.439744596184,0.0746502436469263,827.679793136806,408.721204232032,299.471509172542,365682.138860089,4898606.09952806,1240.0
133.1,42.7,12095.7678888331,1818.03966863241,0.150303782723117,1106.07955339066,418.145982192801,589.590264537492,721761.748447068,4802019.85186672,1440.0
158.7,18.7,19334.6256812347,446.168988662823,0.0230761637705691,460.160846733572,498.5707541247,98.6033464944838,200776.04489827,8700581.55655559,699.7
157.5,18.7,18747.6505098379,735.132680940013,0.0392119898199642,577.001930263493,494.800842940392,226.420865729524,330809.706423006,8436442.72942707,815.4
157.7,18.7,18486.4635231667,1045.8311678318,0.0565728088837106,644.804581883112,495.42916147111,299.107713999894,470624.025524309,8318908.58542503,907.5
273.0,29.62,51874.7632942381,6660.17642561036,0.128389528986056,3579.20659851003,857.654794430014,2042.6761097347,7326194.0681714,57062239.6236619,5576.0
204.0,28.45,31415.9265358979,1269.20343205028,0.0404,1192.29975716452,640.884901332318,298.516647218225,1066130.88292223,26389378.2901543,1294.0
204.0,39.53,31415.9265358979,1269.20343205028,0.0404,1540.38822318227,640.884901332318,298.516647218225,1066130.88292223,26389378.2901543,1637.0
204.0,40.28,31415.9265358979,1269.20343205028,0.0404,1563.95016808419,640.884901332318,298.516647218225,1066130.88292223,26389378.2901543,1691.0
96.0,28.45,5808.80481648753,1429.42465738336,0.246078961600865,752.182261350676,301.59289474462,586.921764321606,643241.09582251,2613962.16741939,1044.0
96.0,28.45,5808.80481648753,1429.42465738336,0.246078961600865,752.182261350676,301.59289474462,586.921764321606,643241.09582251,2613962.16741939,1166.0
96.0,39.53,5808.80481648753,1429.42465738336,0.246078961600865,816.543818717358,301.59289474462,586.921764321606,571769.862953342,2323521.92659501,1176.0
96.0,39.53,5808.80481648753,1429.42465738336,0.246078961600865,816.543818717358,301.59289474462,586.921764321606,571769.862953342,2323521.92659501,1171.0
96.0,39.53,5808.80481648753,1429.42465738336,0.246078961600865,816.543818717358,301.59289474462,586.921764321606,571769.862953342,2323521.92659501,1073.0
96.0,39.53,5808.80481648753,1429.42465738336,0.246078961600865,816.543818717358,301.59289474462,586.921764321606,578916.986240259,2352565.95067745,1122.0
166.0,26.56,19113.4497044403,2528.98208613979,0.132314266929652,1201.60590858669,521.504380495906,693.952684436757,1669128.17685226,12614876.8049306,1744.0
166.0,26.56,19113.4497044403,2528.98208613979,0.132314266929652,1201.60590858669,521.504380495906,693.952684436757,1669128.17685226,12614876.8049306,1695.0
166.0,29.62,19113.4497044403,2528.98208613979,0.132314266929652,1260.09306468228,521.504380495906,693.952684436757,1669128.17685226,12614876.8049306,1862.0
166.0,29.62,19113.4497044403,2528.98208613979,0.132314266929652,1260.09306468228,521.504380495906,693.952684436757,1669128.17685226,12614876.8049306,1872.0
166.0,29.62,19113.4497044403,2528.98208613979,0.132314266929652,1260.09306468228,521.504380495906,693.952684436757,1669128.17685226,12614876.8049306,1695.0
166.0,29.62,19113.4497044403,2528.98208613979,0.132314266929652,1260.09306468228,521.504380495906,693.952684436757,1669128.17685226,12614876.8049306,1735.0
166.0,29.62,19113.4497044403,2528.98208613979,0.132314266929652,1260.09306468228,521.504380495906,693.952684436757,1669128.17685226,12614876.8049306,2029.0
166.0,29.62,19113.4497044403,2528.98208613979,0.132314266929652,1260.09306468228,521.504380495906,693.952684436757,1669128.17685226,12614876.8049306,2107.0
121.0,40.28,7389.81131940659,4109.20319089545,0.556063343607185,1505.76733806896,380.132711084365,1208.10573812326,2054601.59544772,3694905.6597033,2587.0
166.0,29.62,19113.4497044403,2528.98208613979,0.132314266929652,1260.09306468228,521.504380495906,693.952684436757,885143.730148925,6689707.3965541,1784.0
166.0,29.62,19113.4497044403,2528.98208613979,0.132314266929652,1260.09306468228,521.504380495906,693.952684436757,885143.730148925,6689707.3965541,2038.0
166.0,29.62,19113.4497044403,2528.98208613979,0.132314266929652,1260.09306468228,521.504380495906,693.952684436757,1264491.04306989,9556724.85222015,1999.0
166.0,29.62,19113.4497044403,2528.98208613979,0.132314266929652,1260.09306468228,521.504380495906,693.952684436757,1264491.04306989,9556724.85222015,2043.0
166.0,29.62,19113.4497044403,2528.98208613979,0.132314266929652,1260.09306468228,521.504380495906,693.952684436757,1669128.17685226,12614876.8049306,1975.0
320.0,46.57,73541.5424278835,6883.22950401524,0.0935964799863301,5144.94868391994,1005.30964914873,1720.11905305341,1789639.67104396,19120801.0312497,7909.0
320.0,46.57,73541.5424278835,6883.22950401524,0.0935964799863301,5144.94868391994,1005.30964914873,1720.11905305341,3028620.9817667,32358278.6682687,5900.0
320.0,46.57,73541.5424278835,6883.22950401524,0.0935964799863301,5144.94868391994,1005.30964914873,1720.11905305341,3579279.34208792,38241602.0624994,5890.0
320.0,46.57,73541.5424278835,6883.22950401524,0.0935964799863301,5144.94868391994,1005.30964914873,1720.11905305341,3579279.34208792,38241602.0624994,6380.0
133.0,106.02,12468.9812420979,1423.92687023957,0.114197530864197,1823.18364961155,417.831822927442,501.22225832433,662125.994661401,5798076.27757552,1995.0
133.0,106.02,12468.9812420979,1423.92687023957,0.114197530864197,1823.18364961155,417.831822927442,501.22225832433,662125.994661401,5798076.27757552,1991.0
133.0,106.02,12468.9812420979,1423.92687023957,0.114197530864197,1823.18364961155,417.831822927442,501.22225832433,662125.994661401,5798076.27757552,1962.0
133.0,106.02,11998.4963262963,1894.41178604118,0.157887433101874,1938.91352920043,417.831822927442,666.832948686496,880901.480509149,5579300.79172777,2273.0
133.0,106.02,11998.4963262963,1894.41178604118,0.157887433101874,1938.91352920043,417.831822927442,666.832948686496,880901.480509149,5579300.79172777,2158.0
133.0,106.02,11998.4963262963,1894.41178604118,0.157887433101874,1938.91352920043,417.831822927442,666.832948686496,880901.480509149,5579300.79172777,2253.0
127.0,106.02,10028.749148422,2638.93782901543,0.263137285613595,2195.35231336332,398.982267005904,1132.10432864762,1174327.33391186,4462793.3710478,3404.0
127.0,106.02,10028.749148422,2638.93782901543,0.263137285613595,2195.35231336332,398.982267005904,1132.10432864762,1174327.33391186,4462793.3710478,3370.0
127.0,106.02,10028.749148422,2638.93782901543,0.263137285613595,2195.35231336332,398.982267005904,1132.10432864762,1174327.33391186,4462793.3710478,3364.0
100.0,45.77,7088.21842466197,765.763209312512,0.10803324099723,656.156379570959,314.159265358979,331.72862227418,229728.962793754,2126465.52739859,828.0
100.0,34.85,7088.21842466197,765.763209312512,0.10803324099723,433.870635171723,314.159265358979,186.846223072253,229728.962793754,2126465.52739859,670.0
100.0,34.85,7238.22947387088,615.7521601036,0.0850694444444445,397.69295738087,314.159265358979,145.44066021647,184725.64803108,2171468.84216127,537.0
92.0,23.37,5808.80481648753,838.805238508475,0.144402379664684,354.428294240473,289.026524130261,218.676525679159,231510.245828339,1603230.12935056,538.0
108.0,41.17,7853.98163397448,1306.90254389335,0.1664,757.240068443323,339.292006587698,433.891644572593,423436.424221446,2544690.04940773,970.0
100.0,48.35,7088.21842466197,765.763209312512,0.10803324099723,674.443983106587,314.159265358979,331.72862227418,229728.962793754,2126465.52739859,828.0
100.0,36.19,7088.21842466197,765.763209312512,0.10803324099723,443.36884786077,314.159265358979,186.846223072253,229728.962793754,2126465.52739859,670.0
100.0,36.19,7238.22947387088,615.7521601036,0.0850694444444445,407.392184875857,314.159265358979,145.44066021647,184725.64803108,2171468.84216127,537.0
153.0,21.54,16879.4317525461,1505.95385442481,0.0892182791756394,986.445474139942,480.663675999238,622.8625141901,484917.141124788,5435177.02431983,1191.0
76.5,24.37,4196.86147991224,399.484921830479,0.0951865873445108,246.731261999362,240.331837999619,144.453747733901,61121.1930400633,642119.806426572,344.0
300.0,9.9,67886.6756514218,2799.15905434851,0.0412328196584757,1440.16733346231,942.477796076938,768.08924451323,2799159.05434851,67886675.6514218,2636.0
300.0,28.72,67886.6756514218,2799.15905434851,0.0412328196584757,2717.79456922207,942.477796076938,768.08924451323,2799159.05434851,67886675.6514218,3420.0
300.0,24.12,67886.6756514218,2799.15905434851,0.0412328196584757,2384.52216831791,942.477796076938,747.095551605616,2799159.05434851,67886675.6514218,3038.0
92.0,20.71,5808.80481648753,838.805238508475,0.144402379664684,338.976873428616,289.026524130261,218.676525679159,231510.245828339,1603230.12935056,538.0
108.0,20.22,7697.68739945839,1463.19677840945,0.190082644628099,535.639442569982,339.292006587698,379.992203352933,474075.75620466,2494050.71742452,931.0
108.0,39.23,7853.98163397448,1306.90254389335,0.1664,742.003344073412,339.292006587698,433.891644572593,423436.424221446,2544690.04940773,970.0
108.0,20.54,7791.27544460883,1369.60873325901,0.175787487298592,515.720185659629,339.292006587698,355.687388027364,443753.229575918,2524373.24405326,916.0
101.6,23.2,7169.02929833099,938.290367228969,0.130881089779813,514.427205963226,319.185813604723,348.105726241947,286178.562004835,2186553.93599095,635.0
101.8,23.2,7199.07549046993,940.194172377045,0.130599293426172,515.830589330786,319.814132135441,348.812037951884,286759.222574999,2195718.02459333,679.0
101.8,23.2,7199.07549046993,940.194172377045,0.130599293426172,515.830589330786,319.814132135441,348.812037951884,286759.222574999,2195718.02459333,632.0
216.5,24.3,32454.8185538765,4358.56051042956,0.134296252594793,2758.72144157336,680.15480950219,1970.06935071416,2833064.33177922,21095632.0600197,3568.0
318.5,24.2,69634.2003879888,10038.356452916,0.14415842211132,5047.99706111618,1000.59726016835,3362.84941172685,9586630.41253475,66500661.3705293,6901.0
216.5,38.2,32454.8185538765,4358.56051042956,0.134296252594793,3209.84341947224,680.15480950219,1970.06935071416,2833064.33177922,21095632.0600197,4200.0
318.3,52.2,69540.6877410621,10031.8407897524,0.144258578907163,6990.6905646505,999.968941637631,3360.66666456706,9580407.95421356,66411356.7927143,9297.0
101.9,23.2,7214.1221484843,941.146074951081,0.130458849403987,516.532827651687,320.1282914008,349.165193806851,287049.55286008,2200307.25528771,649.0
101.8,23.2,7199.07549046993,940.194172377045,0.130599293426172,515.830589330786,319.814132135441,348.812037951884,286759.222574999,2195718.02459333,682.0
216.4,24.3,32422.895260127,4356.48391768554,0.134364432378223,2757.00708561495,679.840650236831,1969.13073079386,2827358.06257791,21042459.0238224,3568.0
318.3,24.2,69540.6877410621,10031.8407897524,0.144258578907163,5043.55130790076,999.968941637631,3360.66666456706,9580407.95421356,66411356.7927143,6565.0
216.4,38.2,32422.895260127,4356.48391768554,0.134364432378223,3207.68532973072,679.840650236831,1969.13073079386,2827358.06257791,21042459.0238224,4023.0
318.5,52.2,69634.2003879888,10038.356452916,0.14415842211132,6997.75467197986,1000.59726016835,3362.84941172685,9586630.41253475,66500661.3705293,8289.0
108.0,28.6,7697.68739945839,1463.19677840945,0.190082644628099,819.537787932155,339.292006587698,599.383928307645,351167.226818267,1847444.97587001,1244.6
108.0,28.6,7697.68739945839,1463.19677840945,0.190082644628099,819.537787932155,339.292006587698,599.383928307645,351167.226818267,1847444.97587001,1234.8
108.0,28.6,7697.68739945839,1463.19677840945,0.190082644628099,819.537787932155,339.292006587698,599.383928307645,417011.081846692,2193840.90884564,1254.4
108.0,28.6,7697.68739945839,1463.19677840945,0.190082644628099,819.537787932155,339.292006587698,599.383928307645,424327.065738739,2232329.34584293,1225.0
108.0,28.6,7697.68739945839,1463.19677840945,0.190082644628099,819.537787932155,339.292006587698,599.383928307645,497486.904659212,2617213.71581585,1161.3
108.0,28.6,7697.68739945839,1463.19677840945,0.190082644628099,819.537787932155,339.292006587698,599.383928307645,556014.775795589,2925121.21179419,1166.2
108.0,28.6,7697.68739945839,1463.19677840945,0.190082644628099,819.537787932155,339.292006587698,599.383928307645,556014.775795589,2925121.21179419,1210.3
108.0,28.6,7697.68739945839,1463.19677840945,0.190082644628099,819.537787932155,339.292006587698,599.383928307645,585278.711363778,3079074.95978336,1871.8
114.3,32.68,9093.15144025644,1167.67501146789,0.128412577217009,632.67225011265,359.084040305313,335.508061045069,400512.528933486,3118950.94400796,737.0
114.3,88.78,9093.15144025644,1167.67501146789,0.128412577217009,1142.79804591104,359.084040305313,335.508061045069,400512.528933486,3118950.94400796,1136.2
114.3,105.45,9093.15144025644,1167.67501146789,0.128412577217009,1294.38088042011,359.084040305313,335.508061045069,400512.528933486,3118950.94400796,1453.1
114.3,32.68,8219.41954542168,2041.40690630265,0.248363877159639,968.711129260874,359.084040305313,700.100498516494,700202.568861809,2819260.90407964,1075.4
114.3,58.68,8219.41954542168,2041.40690630265,0.248363877159639,1182.41603744184,359.084040305313,700.100498516494,700202.568861809,2819260.90407964,1329.1
114.3,73.3,8219.41954542168,2041.40690630265,0.248363877159639,1302.5839511959,359.084040305313,700.100498516494,700202.568861809,2819260.90407964,1361.6
219.0,41.9,34451.5796586604,3216.90165604459,0.0933745763740597,2569.43676731348,688.008791136165,1125.91557961561,2090986.07642898,22393526.7781293,3400.0
219.0,41.9,34491.0694783161,3177.41183638896,0.0921227403048938,2557.26995387758,688.008791136165,1112.09414273614,2065317.69365282,22419195.1609054,3350.0
219.0,34.1,34471.3217410549,3197.15957365016,0.0927483894486816,2294.47792214753,688.008791136165,1119.00585077756,2078153.72287261,22406359.1316857,3150.0
219.0,41.9,34477.9036918234,3190.57762288162,0.0925397800109955,2561.32633269597,688.008791136165,1116.70216800857,2073875.45487306,22410637.3996852,3160.0
219.0,34.1,34484.4862709105,3183.99504379456,0.092331230304,2290.31924716614,688.008791136165,1114.3982653281,2069596.77846646,22414916.0760918,3150.0
219.0,41.9,34491.0694783161,3177.41183638896,0.0921227403048938,2557.26995387758,688.008791136165,1112.09414273614,2065317.69365282,22419195.1609054,3380.0
219.0,41.9,34484.4862709105,3183.99504379456,0.092331230304,2559.29824007924,688.008791136165,1114.3982653281,2069596.77846646,22414916.0760918,3600.0
219.0,41.9,34484.4862709105,3183.99504379456,0.092331230304,2559.29824007924,688.008791136165,1114.3982653281,2069596.77846646,22414916.0760918,2900.0
219.0,41.9,34477.9036918234,3190.57762288162,0.0925397800109955,2561.32633269597,688.008791136165,1116.70216800857,2073875.45487306,22410637.3996852,2680.0
165.0,68.7,20141.3942144989,1241.07078399665,0.0616179183416835,1818.0885569349,518.362787842316,434.374774398827,632946.099838291,10272111.0493944,2080.0
165.0,68.7,19975.7151002487,1406.74989824681,0.0704230056940136,1864.69409177347,518.362787842316,492.362464386383,717442.448105873,10187614.7011268,2060.0
165.0,68.7,19950.6718944106,1431.7931040849,0.0717666608755182,1871.73874557573,518.362787842316,501.127586429715,730214.483083299,10174842.6661494,2160.0
165.0,68.7,19950.6718944106,1431.7931040849,0.0717666608755182,1871.73874557573,518.362787842316,501.127586429715,730214.483083299,10174842.6661494,2095.0
165.0,68.7,19975.7151002487,1406.74989824681,0.0704230056940136,1864.69409177347,518.362787842316,492.362464386383,717442.448105873,10187614.7011268,2250.0
165.0,48.5,19995.7609746527,1386.70402384278,0.0693498999913336,1455.14081561563,518.362787842316,485.346408344973,707219.052159818,10197838.0970729,1750.0
165.0,48.5,19985.7367808137,1396.72821768185,0.0698862510299201,1458.16311005811,518.362787842316,488.854876188648,712331.391017744,10192725.758215,1785.0
95.0,20.6,3848.4510006475,3239.76742401447,0.841836734693878,983.173201913377,298.45130209103,903.895111300038,4600469.74210055,5464800.42091945,947.0
95.0,20.6,3793.66947875052,3294.54894591145,0.868433310905233,990.739649279731,298.45130209103,912.590058017471,4678259.50319425,5387010.65982575,938.0
95.0,20.6,3870.47356514916,3217.74485951281,0.831356888336945,971.047081527121,298.45130209103,891.315326085048,4569197.70050819,5496072.46251181,907.0
95.0,20.6,3826.4912679989,3261.72715666307,0.852406794689699,988.847596829773,298.45130209103,910.021876708996,2805085.35473024,3290782.49047906,1018.0
95.0,20.6,3804.59436720338,3283.62405745859,0.863068106751222,987.938507880419,298.45130209103,909.563863916029,2823916.68941439,3271951.15579491,1008.0
95.0,20.6,3804.59436720338,3283.62405745859,0.863068106751222,987.938507880419,298.45130209103,909.563863916029,2823916.68941439,3271951.15579491,1034.0
95.0,20.6,3782.76029826093,3305.45812640104,0.873821724289712,1013.36951191567,298.45130209103,935.444649771493,6544807.09027405,7489865.39055665,886.0
95.0,20.6,3848.4510006475,3239.76742401447,0.841836734693878,986.412969337391,298.45130209103,907.134878724053,6414739.49954866,7619932.98128204,907.0
95.0,20.6,3826.4912679989,3261.72715666307,0.852406794689699,1037.77350417972,298.45130209103,958.947784058942,6458219.77019287,7576452.71063783,917.0
95.0,25.3,6037.97017755923,1050.24824710274,0.173940615176621,501.443063530359,298.45130209103,348.682418038111,903213.492508359,5192654.35270094,656.0
95.0,25.3,6032.46233731895,1055.75608734302,0.175012462292841,566.477683372632,298.45130209103,413.856386238463,907950.235114994,5187917.6100943,686.0
95.0,25.3,6109.80080862797,978.417616034005,0.16013903671824,487.239949909849,298.45130209103,332.661989451562,841439.149789244,5254428.69542005,656.0
95.0,25.3,5983.00487249202,1105.21355216995,0.184725497592585,518.300922594472,298.45130209103,366.930899320423,1569403.24408133,8495866.91893867,567.0
95.0,25.3,5969.30281613339,1118.91560852858,0.187444940053043,589.638279791379,298.45130209103,438.614918543204,1588860.16411059,8476409.99890941,606.0
95.0,25.3,6060.02667126155,1028.19175340042,0.169667859429796,502.90387093906,298.45130209103,349.585196156143,1460032.2898286,8605237.8731914,576.0
95.0,25.3,6010.45610909909,1077.76231556288,0.179314563820087,509.881628327084,298.45130209103,357.817088766877,2133969.38481451,11900703.0960162,536.0
95.0,25.3,6004.96083522943,1083.25758943254,0.180393780934819,576.562484188861,298.45130209103,424.636975057557,2144850.02707643,11889822.4537543,567.0
95.0,25.3,6079.35908997395,1008.85933468802,0.165948304707289,496.819958770269,298.45130209103,343.012173793928,1997541.48268229,12037130.9981484,488.0
216.0,30.2,33953.3331168976,2690.20359457377,0.0792323859725846,1813.62031334042,678.584013175395,788.229653210113,5972251.97995376,75376399.5195126,2289.0
216.0,30.2,33907.6245145842,2735.91219688716,0.080687227019115,1820.16070963461,678.584013175395,796.150449294164,6073725.0770895,75274926.4223769,2239.0
216.0,23.2,32653.0935768632,3990.44313460812,0.122207199915526,2333.77680915343,678.584013175395,1576.22503817021,8858783.75883002,72489867.7406364,2462.0
216.0,23.2,32704.3593424216,3939.17736904978,0.120448082404115,2330.47290699504,678.584013175395,1571.73177025086,8744973.75929051,72603677.7401759,2421.0
216.0,30.2,32365.4729154454,4278.0637960259,0.132179863622024,2260.85642085422,678.584013175395,1283.41913880777,9497301.62717749,71851349.8722889,2804.0
216.0,30.2,32493.1472408873,4150.38947058401,0.127731224058266,2687.10311908482,678.584013175395,1705.81007241003,9213864.6246965,72134786.8747699,2932.0
95.0,24.4,5983.00487249202,1105.21355216995,0.184725497592585,518.442285970079,298.45130209103,372.456967081273,2188322.8332965,11846349.6475342,498.0
95.0,24.4,6109.80080862797,978.417616034005,0.16013903671824,484.676382030186,298.45130209103,335.597242299664,1937266.87974733,12097405.6010834,473.0
95.0,24.4,6060.02667126155,1028.19175340042,0.169667859429796,518.013682002933,298.45130209103,370.149031224151,2035819.67173283,11998852.8090979,473.0
95.0,24.4,6018.70373229256,1069.51469236941,0.177698511164634,501.935248934583,298.45130209103,355.078877866645,2117639.09089144,11917033.3899393,413.0
121.0,21.4,9465.3425192718,2033.67199103024,0.214854558817033,912.309854781971,380.132711084365,709.751524869555,2135355.59058176,9938609.64523539,998.0
121.0,21.4,9534.44499128016,1964.56951902188,0.206049698836021,887.70731543301,380.132711084365,683.670192619615,2062797.99497298,10011167.2408442,1018.0
121.0,24.6,9517.14581133316,1981.86869896888,0.208241918139873,900.029669812338,380.132711084365,665.907882853542,2080962.13391732,9993003.10189982,1099.0
121.0,24.6,9482.59457532898,2016.41993497306,0.212644326292216,892.641145289283,380.132711084365,659.36931873619,2117240.93172171,9956724.30409543,1079.0
121.0,21.4,9437.77190214389,2061.24260815815,0.218403520399758,921.341988953073,380.132711084365,719.373670247193,4761470.42484532,21801253.0939524,786.0
121.0,21.4,9506.77384318734,1992.2406671147,0.209560119970916,896.744712400126,380.132711084365,693.299752155917,4602075.94103497,21960647.5777627,816.0
121.0,24.6,9454.99882545985,2044.01568484219,0.216183600080223,919.382241213288,380.132711084365,686.789270106975,4721676.23198546,21841047.2868123,874.0
121.0,24.6,9524.06359835637,1974.95091194567,0.207364313724921,880.1009127258,380.132711084365,645.808948206234,4562136.6065945,22000586.9122032,865.0
69.9,28.3,3569.99310836318,267.47017197839,0.0749217614319215,243.324936459181,219.597326485927,142.294131492503,407624.542095066,5440669.49714548,230.9
76.2,27.4,4173.92785354103,386.439458336446,0.0925841250486881,319.951415022013,239.389360203542,205.585791834989,588933.734504743,6361066.04879654,226.4
76.2,27.4,4173.92785354103,386.439458336446,0.0925841250486881,319.951415022013,239.389360203542,205.585791834989,588933.734504743,6361066.04879654,245.1
76.2,27.7,4173.92785354103,386.439458336446,0.0925841250486881,321.203593378076,239.389360203542,205.585791834989,588933.734504743,6361066.04879654,320.3
120.65,34.4048388272,9935.10677684079,1497.4807202965,0.150726182811361,1018.08792680225,379.033153655609,676.272179414017,1572408.66561725,10432219.7795268,1156.537616
120.8278,29.5785087312,9966.54341555148,1499.76495761227,0.150479950277655,972.099247502764,379.591728829417,677.30375606599,1574807.19703136,10465229.381892,1092.70563604
120.8278,34.4048388272,9975.53443306058,1490.77394010317,0.149443014818584,1016.45000758625,379.591728829417,673.24335320162,359761.617404973,2407349.83727212,1201.019832
120.8024,29.5785087312,9962.04942691937,1499.43863799573,0.150515077143059,971.818953927631,379.511932376016,677.156387972851,361890.71483118,2404348.59882653,1201.019832
152.6032,20.8911145584,16811.3380585051,1478.8075362768,0.0879648919753089,965.109894843579,479.417092034294,613.902305583358,2479072.95381443,28182527.121278,938.5747576
152.7048,23.097436888,16834.6952464616,1479.81284391533,0.0879025620749723,1003.15795328074,479.736277847899,614.319642296876,2480758.25153966,28221683.1111683,880.7478768
152.6286,20.8911145584,16805.5012950534,1490.73340350484,0.0887050839681661,969.938783394684,479.496888487695,618.853130628383,454375.541388274,5122316.79473228,1201.019832
152.6032,23.097436888,16811.3380585051,1478.8075362768,0.0879648919753089,1002.20112539251,479.417092034294,613.902305583358,450928.345614277,5126230.8801658,1201.019832
152.5778,41.9890718352,15998.3568174494,2285.70068697115,0.142870965628053,2119.56777149274,479.337295580893,1447.81161783969,696913.796578603,4877924.59101124,2909.1369264
152.5524,43.436970864,16004.051702807,2273.91872466717,0.142083940172996,2135.51619887676,479.257499127492,1440.34867135598,693263.699885374,4879254.46775533,2913.585148
76.4794,24.9590213536,4194.08316975479,399.788147348092,0.0953219407357307,249.917152985931,240.267121190955,145.236941593247,609277.136558492,6391782.7507063,244.652188
76.4286,24.9590213536,4188.25400691526,399.516552139296,0.0953897618147447,249.672996385607,240.107528284153,145.138275192708,60866.0271051801,638077.147350334,355.857728
76.4286,40.8859106704,4182.42889773555,405.341661319002,0.0969153741115508,318.256862887456,240.107528284153,147.254448589341,247075.685383669,2549396.18867159,411.460498
76.4794,25.9242873728,4188.25400691525,405.617310187631,0.0968463969754255,255.932088088276,240.267121190955,147.354587622724,247202.496212307,2552521.35270488,330.2804538
76.454,40.8859106704,4196.999271297,393.821160074241,0.0938339834289602,314.667363337062,240.187324737554,143.069226047079,59998.3386803825,639409.481382681,434.59125032
76.4286,25.9242873728,4188.25400691526,399.516552139296,0.0953897618147447,253.71577565826,240.107528284153,145.138275192708,60876.1748256044,638183.529002109,372.31614792
76.454,33.3016776624,4191.16808162754,399.652349743695,0.0953558392219142,284.760536876277,240.187324737554,145.187608392978,60907.0181009391,638734.015640038,433.25678384
76.454,33.3016776624,4185.34094561792,405.479485753317,0.0968808732721898,286.683393184245,240.187324737554,147.304518106033,61825.9711656199,638164.883092227,434.59125032
114.3,29.4,9150.70824510359,1110.11820662074,0.121315003919477,735.280469186755,359.084040305313,466.249646780709,1014648.04085135,8363747.33602468,712.0
114.3,29.4,9150.70824510359,1110.11820662074,0.121315003919477,735.280469186755,359.084040305313,466.249646780709,1014648.04085135,8363747.33602468,756.0
127.0,35.6,11724.3863982445,943.300579192912,0.0804562854849402,694.718526060221,398.982267005904,277.330370282716,862176.729382321,10716089.1679955,627.0
127.0,35.6,11724.3863982445,943.300579192912,0.0804562854849402,694.718526060221,398.982267005904,277.330370282716,862176.729382321,10716089.1679955,623.0
127.0,35.6,11724.3863982445,943.300579192912,0.0804562854849402,694.718526060221,398.982267005904,277.330370282716,862176.729382321,10716089.1679955,658.0
152.4,21.4,17506.9099072292,734.559340280732,0.0419582521514781,621.45981034903,478.778720407085,246.811938334326,671387.237016589,16001315.6552075,682.0
152.4,26.3,17506.9099072292,734.559340280732,0.0419582521514781,707.243668894453,478.778720407085,246.811938334326,671387.237016589,16001315.6552075,721.0
152.4,26.3,17506.9099072292,734.559340280732,0.0419582521514781,707.243668894453,478.778720407085,246.811938334326,671387.237016589,16001315.6552075,733.0
355.6,38.6,87217.6002223513,12097.0656807583,0.138699822626605,7733.64007933649,1117.15034761653,4367.04071075373,22742483.4798255,163969088.41802,11460.0
355.6,33.3,87217.6002223513,12097.0656807583,0.138699822626605,7271.38679815803,1117.15034761653,4367.04071075373,22742483.4798255,163969088.41802,10710.0
355.6,21.3,94111.7059201333,5202.95998297627,0.0552849396587466,3466.61109131517,1117.15034761653,1462.03175521633,9781564.76799539,176930007.129851,3517.0
355.6,23.8,90599.8640059473,8714.80189716224,0.0961900107994661,5302.32024821711,1117.15034761653,3146.04348487557,18152932.3517889,188719516.724388,7433.0
127.3,67.2,12084.0745668171,643.530436505906,0.0532544244863434,1054.01725501633,399.924744801981,241.96744412622,457550.140355699,8591777.01700698,1285.0
127.3,67.2,12084.0745668171,643.530436505906,0.0532544244863434,1026.98897668308,399.924744801981,214.939165792972,457550.140355699,8591777.01700698,1285.0
127.1,67.2,11537.059197337,1150.58474743236,0.0997294655208096,1207.91024309561,399.296426271263,432.619865034567,818065.755424408,8202849.08930661,1305.0
127.1,67.2,11537.059197337,1150.58474743236,0.0997294655208096,1159.58568370346,399.296426271263,384.295305642408,818065.755424408,8202849.08930661,1305.0
140.1,32.6,11449.6503507769,3966.15265436983,0.346399456128431,1444.11981811518,440.13713076793,1070.86121667985,1610257.97767415,4648558.04241543,2949.0
140.1,32.6,11449.6503507769,3966.15265436983,0.346399456128431,1456.01827607829,440.13713076793,1082.75967464296,1610257.97767415,4648558.04241543,2949.0
140.4,33.2,13383.7278856623,2098.16637493432,0.156769951754775,1059.10251365974,441.079608564007,614.762747855754,851855.548223332,5433793.52157891,1824.0
140.4,33.2,13383.7278856623,2098.16637493432,0.156769951754775,1077.98601103415,441.079608564007,633.646245230163,851855.548223332,5433793.52157891,1824.0
168.4,43.8,19945.6651381986,2327.09580239773,0.116671757310366,1576.40306537721,529.044202864521,702.782932324115,1891928.88734936,16215825.7573555,2233.0
168.2,43.8,19895.6321335975,2324.25580263889,0.11682241544434,1573.35393984852,528.415884333803,701.925252396945,1889619.96754542,16175148.9246148,2113.0
168.3,23.4,19945.6651381986,2300.65144623614,0.115345937590724,1161.52530099716,528.730043599162,694.796736763315,1870429.62578998,16215825.7573555,1744.0
88.9,41.5,4682.78783882744,1524.37878011691,0.325528047091412,813.233480038804,279.287586904133,618.897784727466,2632602.15326191,8087174.59765498,614.7
88.9,41.5,4682.78783882744,1524.37878011691,0.325528047091412,813.233480038804,279.287586904133,618.897784727466,2167666.62532625,6658924.30681262,711.7
88.9,41.5,4682.78783882744,1524.37878011691,0.325528047091412,813.233480038804,279.287586904133,618.897784727466,1704255.47617071,5235356.80380907,715.2
88.9,41.5,4682.78783882744,1524.37878011691,0.325528047091412,813.233480038804,279.287586904133,618.897784727466,1239319.94823505,3807106.51296671,918.5
88.9,41.5,4682.78783882744,1524.37878011691,0.325528047091412,813.233480038804,279.287586904133,618.897784727466,774384.420299391,2378856.22212434,991.9
88.9,41.5,4682.78783882744,1524.37878011691,0.325528047091412,813.233480038804,279.287586904133,618.897784727466,774384.420299391,2378856.22212434,889.6
114.0,37.0,9576.02711164307,631.007419870166,0.0658944896994863,522.160976816258,358.141562509236,167.847973685464,536356.306889641,8139623.04489661,515.0
114.0,37.0,9042.51682066221,1164.51771085103,0.128782476598783,673.447776222152,358.141562509236,338.87465385765,989840.054223378,7686139.29756287,785.0
114.0,37.0,8678.81809490804,1528.2164366052,0.176085778027981,828.484126464524,358.141562509236,507.367856952927,1298983.97111442,7376995.38067183,902.0
114.0,37.0,8171.28249198705,2035.75203952619,0.249134948096886,1291.71294341325,358.141562509236,989.375491209727,1730389.23359726,6945590.11818899,1334.0
114.0,25.0,8200.1477594475,2006.88677206574,0.2447378792356,1180.35066521014,358.141562509236,975.346971223948,2508608.46508217,10250184.6993094,1177.0
114.0,33.0,9527.52343434577,679.511097167469,0.0713208528795531,495.158225179957,358.141562509236,180.749951846547,1189144.42004307,16673166.0101051,461.0
114.0,30.0,9052.6324348475,1154.40209666574,0.127521149784227,607.509983175155,358.141562509236,335.93101012973,2020203.66916504,15842106.7609831,628.0
114.0,37.0,8190.52034876058,2016.51418275266,0.246200985637965,1283.07514572194,358.141562509236,980.025892817794,3528899.81981716,14333410.610331,1138.0
114.0,28.0,9579.49637241043,627.538159102807,0.0655084708743309,435.151048748839,358.141562509236,166.925150321347,1411960.85798132,21553866.8379235,373.0
114.0,24.0,9056.00556287966,1151.02896863358,0.127101177295166,552.293563381483,358.141562509236,334.949429872371,2670387.2072299,21009932.9058808,535.0
114.0,28.0,8126.4821241098,2080.55240740344,0.25602128641012,1238.68996947315,358.141562509236,1011.14846999807,4681242.91665774,18284584.779247,1000.0
114.0,36.0,9600.32513170373,606.709399809506,0.0631967554729926,506.996405090663,358.141562509236,161.384700349329,1668450.84947614,26400894.1121853,353.0
114.0,36.0,9022.30255689195,1184.73197462129,0.131311488076433,669.559896662905,358.141562509236,344.757004614794,3258012.93020854,24811332.0314529,569.0
114.0,31.0,8662.3137379024,1544.72079361084,0.178326581136381,781.379029353772,358.141562509236,512.847303478798,4247982.1824298,23821362.7792316,657.0
114.0,33.0,8136.07183568488,2070.96269582836,0.254540856773793,1274.97824075018,358.141562509236,1006.48787017258,5695147.41352798,22374197.5481334,941.0
215.9,30.0,33888.0445383707,2721.57082642353,0.0803106482978667,1811.34001746679,678.269853910036,794.69868131567,6041887.23466023,75231458.8751829,2264.0
215.9,22.9,32653.0935768632,3956.52178793099,0.121168359702813,2298.71238377911,678.269853910036,1550.95654086895,8783478.36920679,72489867.7406364,2442.0
215.9,30.0,32653.0935768632,3956.52178793099,0.121168359702813,2364.37543308174,678.269853910036,1384.78262577584,8783478.36920679,72489867.7406364,2869.0
120.9,21.1,9475.69186795052,2004.32386077894,0.211522692876721,887.420182660932,379.818551819006,687.483084247176,2104540.05381789,9949476.46134804,1010.0
120.9,24.2,9475.69186795052,2004.32386077894,0.211522692876721,916.794827451579,379.818551819006,687.483084247176,2104540.05381789,9949476.46134804,1090.0
95.0,25.0,6040.72504015716,1047.49338450481,0.173405241513452,517.640810580613,298.45130209103,366.622684576683,1435065.93677159,8275793.30501531,667.0
95.0,25.0,6040.72504015716,1047.49338450481,0.173405241513452,517.640810580613,298.45130209103,366.622684576683,1487440.60599683,8577829.55702317,583.0
95.0,25.0,6040.72504015716,1047.49338450481,0.173405241513452,517.640810580613,298.45130209103,366.622684576683,2074036.90131952,11960635.5795112,529.0
165.0,48.3,19945.6651381986,1436.79986029692,0.0720356954928145,1485.36501542086,518.362787842316,521.989389245871,834062.318902362,11578458.6127243,1661.6
190.0,41.0,27206.7063446457,1146.16735400215,0.0421281186881966,1409.35226969663,596.902604182061,293.877309566151,760482.039380425,18051649.6596724,1678.2
190.0,48.3,27452.840075958,900.033622689876,0.0327847180910833,1601.47246757414,596.902604182061,275.500291905371,598072.342277423,18242412.2304741,1694.8
165.0,80.2,19945.6651381986,1436.79986029692,0.0720356954928145,2121.6317333294,518.362787842316,521.989389245871,834062.318902362,11578458.6127243,2295.0
190.0,74.7,27206.7063446457,1146.16735400215,0.0421281186881966,2326.21827351119,596.902604182061,293.877309566151,760482.039380425,18051649.6596724,2592.0
190.0,80.2,27452.840075958,900.033622689876,0.0327847180910833,2477.2180659972,596.902604182061,275.500291905371,597172.308654733,18214959.3903981,2602.0
190.0,80.2,27682.3852555815,670.488443066359,0.0242207612124454,2344.63700137506,596.902604182061,124.509703877423,444198.593531463,18339580.2318228,2295.0
190.0,74.7,27841.8609809779,511.012717669979,0.0183541149788483,2187.45739489211,596.902604182061,107.670379613065,339056.938174031,18473074.7608788,2451.0
165.0,108.0,19945.6651381986,1436.79986029692,0.0720356954928145,2676.12122417132,518.362787842316,521.989389245871,829751.919321471,11518621.6173097,2673.0
190.0,108.0,27206.7063446457,1146.16735400215,0.0421281186881966,3232.20159478789,596.902604182061,293.877309566151,756470.453641417,17956426.1874662,3360.0
190.0,108.0,27452.840075958,900.033622689876,0.0327847180910833,3240.40702010884,596.902604182061,275.500291905371,595372.241409353,18160053.7102462,3260.0
190.0,108.0,27682.3852555815,670.488443066359,0.0242207612124454,3114.20731148023,596.902604182061,124.509703877423,442522.372423797,18270374.2686838,3058.0
190.0,108.0,27841.8609809779,511.012717669979,0.0183541149788483,3114.59136555868,596.902604182061,107.670379613065,338290.419097526,18431311.9694074,3070.0
165.0,43.3,19211.5930589384,2170.87193955708,0.112998018066339,1521.54799464932,518.362787842316,689.686015197285,5296927.53251928,46876287.0638098,1149.0
160.0,43.3,17907.8635236252,2198.32945934946,0.122757773781852,1473.81975980829,502.654824574367,698.409269235323,5319957.29162569,43337029.727173,1561.0
165.0,43.3,19211.5930589384,2170.87193955708,0.112998018066339,1521.54799464932,518.362787842316,689.686015197285,7901973.85998777,69930198.7345359,987.0
190.7,55.9,25080.6614765035,3481.51297870821,0.13881264582953,3160.17303078419,599.101719039573,1758.16405424765,4003739.92551444,28842760.697979,3064.0
190.7,55.9,25080.6614765035,3481.51297870821,0.13881264582953,3160.17303078419,599.101719039573,1758.16405424765,8007479.85102889,57685521.395958,2610.0
190.7,55.9,25080.6614765035,3481.51297870821,0.13881264582953,3160.17303078419,599.101719039573,1758.16405424765,8529706.79783512,61447620.6174335,2060.0
190.7,48.4,25080.6614765035,3481.51297870821,0.13881264582953,2972.06806971041,599.101719039573,1758.16405424765,4003739.92551444,28842760.697979,3150.0
190.7,48.4,25080.6614765035,3481.51297870821,0.13881264582953,2972.06806971041,599.101719039573,1758.16405424765,12011219.7765433,86528282.0939369,2130.0
267.4,55.9,50431.641292885,5726.49508896348,0.113549647446659,5459.04298428444,840.061875569911,2639.91423601216,9162392.14234157,80690626.0686161,5180.0
267.4,55.9,50431.641292885,5726.49508896348,0.113549647446659,5459.04298428444,840.061875569911,2639.91423601216,18324784.2846831,161381252.137232,4540.0
267.4,55.9,50431.641292885,5726.49508896348,0.113549647446659,5459.04298428444,840.061875569911,2639.91423601216,27487176.4270247,242071878.205848,3630.0
267.4,48.4,50431.641292885,5726.49508896348,0.113549647446659,5080.8056745878,840.061875569911,2639.91423601216,9162392.14234157,80690626.0686161,5190.0
267.4,48.4,50431.641292885,5726.49508896348,0.113549647446659,5080.8056745878,840.061875569911,2639.91423601216,27487176.4270247,242071878.205848,3900.0
166.0,29.62,19113.4497044403,2528.98208613979,0.132314266929652,1260.09306468228,521.504380495906,693.952684436757,2781880.29475376,21024794.6748843,1985.0
166.0,39.06,19113.4497044403,2528.98208613979,0.132314266929652,1447.95923722545,521.504380495906,701.387891770008,1795577.28115925,13570549.2901526,1656.2
166.0,42.24,19113.4497044403,2528.98208613979,0.132314266929652,1508.74000728557,521.504380495906,701.387891770008,1795577.28115925,13570549.2901526,1906.1
166.0,42.24,19113.4497044403,2528.98208613979,0.132314266929652,1600.44089772899,521.504380495906,793.088782213437,2200214.41494161,16628701.2428631,1827.7
166.0,42.24,19113.4497044403,2528.98208613979,0.132314266929652,1526.08882439649,521.504380495906,718.736708880927,2200214.41494161,16628701.2428631,1862.0
166.0,42.24,19113.4497044403,2528.98208613979,0.132314266929652,1550.87284884066,521.504380495906,743.520733325097,4299269.54643764,32492864.4975485,1543.5
166.0,42.24,19113.4497044403,2528.98208613979,0.132314266929652,1600.44089772899,521.504380495906,793.088782213437,4299269.54643764,32492864.4975485,1460.2
166.0,28.09,19113.4497044403,2528.98208613979,0.132314266929652,1268.02552330074,521.504380495906,731.128721103012,6828251.63257742,51606314.2019888,1117.2
166.0,28.09,19113.4497044403,2528.98208613979,0.132314266929652,1268.02552330074,521.504380495906,731.128721103012,6828251.63257742,51606314.2019888,1271.06
166.0,28.09,19113.4497044403,2528.98208613979,0.132314266929652,1263.06871841191,521.504380495906,726.171916214178,9357233.71871721,70719763.9064291,983.92
166.0,28.09,19113.4497044403,2528.98208613979,0.132314266929652,1263.06871841191,521.504380495906,726.171916214178,9357233.71871721,70719763.9064291,958.44
107.0,31.87,7853.98163397448,1138.0419387629,0.1449,682.534723016917,336.150413934108,432.22832834215,616818.730809493,4256858.04561417,835.0
107.0,31.87,7697.68739945839,1294.336173279,0.168146107540047,736.914176032101,336.150413934108,491.588878611362,701530.205917215,4172146.57050645,889.0
160.0,32.22,18869.1908756237,1237.00210735098,0.0655567117585848,1143.83464291704,502.654824574367,535.869312904445,1187522.02305694,18114423.2405987,1426.0
140.0,38.88,14313.8815279185,1079.92247467149,0.0754458161865569,1024.34612983316,439.822971502571,467.82241602769,907134.878724053,12023660.4834515,1124.0
100.0,45.77,7088.21842466197,765.763209312512,0.10803324099723,656.156379570959,314.159265358979,331.72862227418,459457.925587507,4252931.05479718,750.0
200.0,24.24,30171.8558450764,1244.07069082156,0.0412328196584756,1026.45935354752,628.318530717959,295.093567862874,1156985.74246405,28059825.935921,1411.0
210.0,27.07,32685.1299679482,1950.92903787926,0.0596885813148789,1339.7431198658,659.734457253857,454.956651633444,2028966.19939443,33992535.1666661,1705.0
180.0,24.24,23778.7147950211,1668.18569905618,0.070154577883472,965.416951651213,565.486677646163,389.020905019901,1434639.70118831,20449694.7237182,1352.0
240.0,49.8,38013.2711084365,7225.66310325652,0.190082644628099,3836.76427597614,753.98223686155,1943.703374776,10404954.8686894,54739110.3961486,5135.0
166.0,54.33,19113.4497044403,2528.98208613979,0.132314266929652,1767.03346145911,521.504380495906,728.599739016872,2630141.36958538,19877987.6926179,1862.0
166.0,43.89,19113.4497044403,2528.98208613979,0.132314266929652,1567.48904654476,521.504380495906,728.599739016872,2630141.36958538,19877987.6926179,1764.0
166.0,26.73,19113.4497044403,2528.98208613979,0.132314266929652,1239.50224961656,521.504380495906,728.599739016872,2630141.36958538,19877987.6926179,1372.0
166.0,29.72,19113.4497044403,2528.98208613979,0.132314266929652,1296.65146423284,521.504380495906,728.599739016872,2630141.36958538,19877987.6926179,1495.0
166.0,23.0,19113.4497044403,2528.98208613979,0.132314266929652,1168.209082219,521.504380495906,728.599739016872,2630141.36958538,19877987.6926179,1392.0
166.0,44.11,19113.4497044403,2528.98208613979,0.132314266929652,1571.69400547973,521.504380495906,728.599739016872,2630141.36958538,19877987.6926179,1695.0
166.0,55.65,19113.4497044403,2528.98208613979,0.132314266929652,1792.26321506897,521.504380495906,728.599739016872,2630141.36958538,19877987.6926179,1852.0
166.0,37.75,19113.4497044403,2528.98208613979,0.132314266929652,1450.13246535949,521.504380495906,728.599739016872,2630141.36958538,19877987.6926179,1627.0
140.0,30.58,13273.2289614169,2120.57504117311,0.159763313609467,1208.10887971592,439.822971502571,802.213538075787,1781283.03458541,11149512.3275902,1379.0
140.0,34.92,13273.2289614169,2120.57504117311,0.159763313609467,1265.71469340846,439.822971502571,802.213538075787,1781283.03458541,11149512.3275902,1501.0
140.0,51.5,13150.9895912657,2242.81441132429,0.170543394910286,1525.73265575416,439.822971502571,848.456691803979,1883964.1055124,11046831.2566632,1664.0
140.0,42.25,13273.2289614169,2120.57504117311,0.159763313609467,1363.00746169565,439.822971502571,802.213538075787,1781283.03458541,11149512.3275902,1539.0
92.0,20.71,5808.80481648753,838.805238508475,0.144402379664684,338.976873428616,289.026524130261,218.676525679159,385850.409713898,2672050.21558426,501.0
92.0,20.71,5808.80481648753,838.805238508475,0.144402379664684,338.976873428616,289.026524130261,218.676525679159,771700.819427797,5344100.43116853,431.0
92.0,20.71,5808.80481648753,838.805238508475,0.144402379664684,338.976873428616,289.026524130261,218.676525679159,1157551.2291417,8016150.64675279,409.0
108.0,20.22,7697.68739945839,1463.19677840945,0.190082644628099,535.639442569982,339.292006587698,379.992203352933,948151.512409321,4988101.43484904,665.0
108.0,20.22,7697.68739945839,1463.19677840945,0.190082644628099,535.639442569982,339.292006587698,379.992203352933,1422227.26861398,7482152.15227356,666.0
108.0,20.22,7697.68739945839,1463.19677840945,0.190082644628099,535.639442569982,339.292006587698,379.992203352933,1896303.02481864,9976202.86969807,563.0
108.0,20.22,7697.68739945839,1463.19677840945,0.190082644628099,535.639442569982,339.292006587698,379.992203352933,2370378.7810233,12470253.5871226,524.0
108.0,20.22,7697.68739945839,1463.19677840945,0.190082644628099,535.639442569982,339.292006587698,379.992203352933,2917614.37614844,15349188.67452,495.0
108.0,39.23,7853.98163397448,1306.90254389335,0.1664,735.599521608335,339.292006587698,427.487822107516,705727.373702411,4241150.08234622,836.0
108.0,35.33,7853.98163397448,1306.90254389335,0.1664,718.691469946715,339.292006587698,441.210298818396,988018.323183375,5937610.11528471,785.0
108.0,33.54,7853.98163397448,1306.90254389335,0.1664,704.6328428219,339.292006587698,441.210298818396,1270309.27266434,7634070.1482232,736.0
108.0,34.03,7853.98163397448,1306.90254389335,0.1664,694.758817111667,339.292006587698,427.487822107516,1552600.2221453,9330530.18116168,686.0
108.0,33.15,7853.98163397448,1306.90254389335,0.1664,694.251135738847,339.292006587698,433.891644572593,1834891.17162627,11026990.2141002,686.0
108.0,33.15,7853.98163397448,1306.90254389335,0.1664,714.769505677973,339.292006587698,454.410014511719,2117182.12110723,12723450.2470387,672.0
108.0,20.54,7791.27544460883,1369.60873325901,0.175787487298592,515.720185659629,339.292006587698,355.687388027364,887506.459151836,5048746.48810652,722.0
108.0,22.84,7791.27544460883,1369.60873325901,0.175787487298592,533.64011918223,339.292006587698,355.687388027364,1331259.68872775,7573119.73215978,640.0
165.2,40.9,19324.7686201248,2109.56407308154,0.10916374289132,1547.08366957745,518.991106373034,756.700633014349,2788843.7046138,25547344.1158049,1445.0
165.2,40.9,19324.7686201248,2109.56407308154,0.10916374289132,1547.08366957745,518.991106373034,756.700633014349,4181155.99284762,38301691.4050873,1305.0
165.2,40.9,19324.7686201248,2109.56407308154,0.10916374289132,1547.08366957745,518.991106373034,756.700633014349,6273843.55334451,57471861.876251,1180.0
165.2,40.9,19324.7686201248,2109.56407308154,0.10916374289132,1547.08366957745,518.991106373034,756.700633014349,8364421.54976832,76622707.5787946,956.0
165.2,40.9,19324.7686201248,2109.56407308154,0.10916374289132,1547.08366957745,518.991106373034,756.700633014349,10454999.5461921,95773553.2813383,800.0
165.0,26.898,19015.5576773544,2366.90732114109,0.12447214861123,1351.73256941057,518.362787842316,840.252099005086,5858095.61982419,47063505.2514522,1058.0
165.0,26.898,19015.5576773544,2366.90732114109,0.12447214861123,1351.73256941057,518.362787842316,840.252099005086,5860462.52714533,47082520.8091296,1037.0
165.0,6.7272,19015.5576773544,2366.90732114109,0.12447214861123,968.173558612185,518.362787842316,840.252099005086,5862829.43446647,47101536.366807,800.0
165.0,6.7272,19015.5576773544,2366.90732114109,0.12447214861123,968.173558612185,518.362787842316,840.252099005086,5865196.34178761,47120551.9244843,834.0
110.0,26.898,8858.06606198832,645.251715120809,0.0728434074215939,464.102361227645,345.575191894877,225.838100292283,1419553.77326578,19487745.3363743,437.0
110.0,26.898,8858.06606198832,645.251715120809,0.0728434074215939,464.102361227645,345.575191894877,225.838100292283,1419553.77326578,19487745.3363743,368.0
110.0,26.898,8858.06606198832,645.251715120809,0.0728434074215939,464.102361227645,345.575191894877,225.838100292283,1419553.77326578,19487745.3363743,355.0
110.0,26.898,8858.06606198832,645.251715120809,0.0728434074215939,464.102361227645,345.575191894877,225.838100292283,1419553.77326578,19487745.3363743,374.0
110.0,6.7272,8858.06606198832,645.251715120809,0.0728434074215939,285.428082304491,345.575191894877,225.838100292283,1419553.77326578,19487745.3363743,269.0
110.0,6.7272,8858.06606198832,645.251715120809,0.0728434074215939,285.428082304491,345.575191894877,225.838100292283,1419553.77326578,19487745.3363743,252.0
110.0,6.7272,8858.06606198832,645.251715120809,0.0728434074215939,285.428082304491,345.575191894877,225.838100292283,1419553.77326578,19487745.3363743,211.0
110.0,6.7272,8858.06606198832,645.251715120809,0.0728434074215939,285.428082304491,345.575191894877,225.838100292283,1419553.77326578,19487745.3363743,219.0
108.0,40.4,7853.98163397448,1306.90254389335,0.1664,751.21864063604,339.292006587698,433.917782623471,705727.373702411,4241150.08234622,835.9
108.0,28.6,7697.68739945839,1463.19677840945,0.190082644628099,819.537787932155,339.292006587698,599.383928307645,651122.566392203,3425470.89275898,970.2
108.0,28.6,7697.68739945839,1463.19677840945,0.190082644628099,819.537787932155,339.292006587698,599.383928307645,709650.437528581,3733378.38873732,1205.4
140.0,45.1,13273.2289614169,2120.57504117311,0.159763313609467,1400.79375273487,439.822971502571,802.171126574964,1781283.03458541,11149512.3275902,1667.0
220.0,36.6,31415.9265358979,6597.34457253857,0.21,2629.07951126846,691.150383789755,1479.2566000546,15833626.9740926,75398223.686155,1729.3
240.0,54.5,36643.5367114713,8595.39750022168,0.234567901234568,3645.5840373427,753.98223686155,1648.51128656752,20628954.000532,87944488.1075312,3900.4
152.0,42.9,14957.122623741,3188.71654339364,0.213190506196177,1544.76885997844,477.522083345649,903.108299419947,2908109.487575,13640895.8328518,1693.4
164.0,31.5,18145.8391671346,2978.22983560312,0.164127423822715,1634.28590370465,515.221195188726,1062.69196993991,5062990.72052531,30847926.5841289,1633.7
95.0,26.2,6082.12337734984,1006.09504731213,0.165418388429752,510.358072592822,298.45130209103,351.006440106256,865241.740688433,5230626.10452086,665.4
95.0,26.2,6082.12337734984,1006.09504731213,0.165418388429752,510.358072592822,298.45130209103,351.006440106256,1428654.96718323,8636615.19583677,582.1
121.0,22.2,9331.31557932508,2167.69893097696,0.232303678141571,964.484181376436,380.132711084365,757.32897551542,2276083.87752581,9797881.35829134,1007.4
121.0,26.5,9331.31557932508,2167.69893097696,0.232303678141571,953.624559510956,380.132711084365,706.344696658842,2276083.87752581,9797881.35829134,1088.8
216.0,24.1,32685.1299679482,3958.40674352314,0.121107266435986,2335.52783707997,678.584013175395,1547.81620485242,8787662.97062136,72560988.528845,2440.2
216.0,31.4,32685.1299679482,3958.40674352314,0.121107266435986,2527.57842254216,678.584013175395,1501.26534154859,8787662.97062136,72560988.528845,2865.5
216.0,24.1,33979.4661412272,2664.07057024414,0.0784023668639052,1589.86051632653,678.584013175395,770.955382322952,5914236.66594199,75434414.8335244,1868.9
216.0,31.4,33979.4661412272,2664.07057024414,0.0784023668639052,1831.91646037444,678.584013175395,764.961223539903,5914236.66594199,75434414.8335244,2261.8
153.0,21.8,16879.4317525461,1505.95385442481,0.0892182791756394,990.773888241427,480.663675999238,622.802276035923,2528496.52157925,28340565.9125248,901.6
121.0,33.9,9746.7597918358,1752.25471846624,0.179778178173016,1118.61437440372,380.132711084365,788.199217460485,1836362.94495262,10214604.2618439,1146.6
121.0,29.1,9746.7597918358,1752.25471846624,0.179778178173016,1071.82992740291,380.132711084365,788.199217460485,1836362.94495262,10214604.2618439,1078.0
121.0,25.6,9746.7597918358,1752.25471846624,0.179778178173016,1037.71626813148,380.132711084365,788.199217460485,1836362.94495262,10214604.2618439,940.8
318.5,47.0,72918.0069719806,6754.54986892421,0.0926321240721747,5465.93966011917,1000.59726016835,2038.79333243608,28369109.4494817,306255629.282318,5494.9
500.0,47.0,179450.913965703,16898.6268836595,0.0941685194586929,12712.9252833306,1570.7963267949,4278.73232694258,84493134.4182974,897254569.828513,12838.0
500.0,43.7,179450.913965703,16898.6268836595,0.0941685194586929,11816.5619833379,1570.7963267949,3974.55704303671,84493134.4182974,897254569.828513,11838.4
108.0,36.3,7853.98163397448,1306.90254389335,0.1664,726.322901157109,339.292006587698,441.223367843835,988018.323183375,5937610.11528471,785.0
108.0,34.5,7853.98163397448,1306.90254389335,0.1664,712.185734215955,339.292006587698,441.223367843835,1270309.27266434,7634070.1482232,737.0
108.0,34.1,7853.98163397448,1306.90254389335,0.1664,701.738556342001,339.292006587698,433.917782623471,1834891.17162627,11026990.2141002,686.0
108.0,34.1,7853.98163397448,1306.90254389335,0.1664,726.844154210192,339.292006587698,459.023380491662,2117182.12110723,12723450.2470387,637.0
140.0,31.6,13273.2289614169,2120.57504117311,0.159763313609467,1221.60516175574,439.822971502571,802.171126574964,1781283.03458541,11149512.3275902,1391.6
140.0,45.1,13273.2289614169,2120.57504117311,0.159763313609467,1400.79375273487,439.822971502571,802.171126574964,1781283.03458541,11149512.3275902,1685.6
140.0,51.0,13273.2289614169,2120.57504117311,0.159763313609467,1054.9907953726,439.822971502571,378.056118340342,1781283.03458541,11149512.3275902,1705.2
100.0,43.4,7088.21842466197,765.763209312512,0.10803324099723,494.490217966769,314.159265358979,186.861538336439,459457.925587507,4252931.05479718,686.0
100.0,43.4,7238.22947387088,615.7521601036,0.0850694444444445,459.567504339264,314.159265358979,145.428345173268,554176.94409324,6514406.52648379,587.0
100.0,36.7,7238.22947387088,615.7521601036,0.0850694444444445,411.07136686433,314.159265358979,145.428345173268,369451.29606216,4342937.68432253,558.6
100.0,36.7,7238.22947387088,615.7521601036,0.0850694444444445,411.07136686433,314.159265358979,145.428345173268,369451.29606216,4342937.68432253,512.5
104.0,28.1,7697.68739945839,797.179135848411,0.103560861136619,423.332437504613,326.725635973339,207.027421579832,860953.466716283,8313502.39141506,433.2
108.0,35.0,7853.98163397448,1306.90254389335,0.1664,702.403317347501,339.292006587698,427.513960158394,1552600.2221453,9330530.18116168,686.0
76.0,41.6,4071.50407905237,464.955712731289,0.114197530864197,297.237390689683,238.761041672824,127.862821001105,723006.133297155,6331188.84292644,355.0
76.0,41.6,4071.50407905237,464.955712731289,0.114197530864197,297.237390689683,238.761041672824,127.862821001105,723471.089009886,6335260.34700549,330.0
219.0,58.0,33653.5259034173,4014.95541128775,0.119302667506826,3256.76501106672,688.008791136165,1304.86050866852,4014955.41128775,33653525.9034173,2989.0
219.0,47.6,34966.7116326178,2701.76968208722,0.0772669077513982,2542.49062039095,688.008791136165,878.075146678347,2701769.68208722,34966711.6326178,1931.0
219.0,52.3,34966.7116326178,2701.76968208722,0.0772669077513982,2706.83416506426,688.008791136165,878.075146678347,2701769.68208722,34966711.6326178,1980.0
114.3,32.68,9093.15144025644,1167.67501146789,0.128412577217009,632.67225011265,359.084040305313,335.508061045069,667326.2690539,5196736.04810655,739.5
114.3,32.68,9093.15144025644,1167.67501146789,0.128412577217009,632.67225011265,359.084040305313,335.508061045069,934140.009174313,7274521.15220515,631.5
114.3,32.68,9093.15144025644,1167.67501146789,0.128412577217009,632.67225011265,359.084040305313,335.508061045069,1334652.5381078,10393472.0962131,599.3
114.3,88.78,9093.15144025644,1167.67501146789,0.128412577217009,1142.79804591104,359.084040305313,335.508061045069,667326.2690539,5196736.04810655,1180.7
114.3,88.78,9093.15144025644,1167.67501146789,0.128412577217009,1142.79804591104,359.084040305313,335.508061045069,934140.009174313,7274521.15220515,1198.3
114.3,88.78,9093.15144025644,1167.67501146789,0.128412577217009,1142.79804591104,359.084040305313,335.508061045069,1334652.5381078,10393472.0962131,1111.6
114.3,105.45,9093.15144025644,1167.67501146789,0.128412577217009,1294.38088042011,359.084040305313,335.508061045069,667326.2690539,5196736.04810655,1407.1
114.3,105.45,9093.15144025644,1167.67501146789,0.128412577217009,1294.38088042011,359.084040305313,335.508061045069,934140.009174313,7274521.15220515,1375.8
114.3,105.45,9093.15144025644,1167.67501146789,0.128412577217009,1294.38088042011,359.084040305313,335.508061045069,1334652.5381078,10393472.0962131,1319.9
114.3,32.68,8219.41954542168,2041.40690630265,0.248363877159639,968.711129260874,359.084040305313,700.100498516494,1166664.04695196,4697398.27020849,1016.6
114.3,32.68,8219.41954542168,2041.40690630265,0.248363877159639,968.711129260874,359.084040305313,700.100498516494,1633125.52504212,6575535.63633734,1057.1
114.3,32.68,8219.41954542168,2041.40690630265,0.248363877159639,968.711129260874,359.084040305313,700.100498516494,2333328.09390393,9394796.54041698,872.2
114.3,58.68,8219.41954542168,2041.40690630265,0.248363877159639,1182.41603744184,359.084040305313,700.100498516494,1166664.04695196,4697398.27020849,1263.2
114.3,58.68,8219.41954542168,2041.40690630265,0.248363877159639,1182.41603744184,359.084040305313,700.100498516494,1633125.52504212,6575535.63633734,1190.0
114.3,58.68,8219.41954542168,2041.40690630265,0.248363877159639,1182.41603744184,359.084040305313,700.100498516494,2333328.09390393,9394796.54041698,1120.6
114.3,73.3,8219.41954542168,2041.40690630265,0.248363877159639,1302.5839511959,359.084040305313,700.100498516494,1166664.04695196,4697398.27020849,1308.5
114.3,22.5,8219.41954542168,2041.40690630265,0.248363877159639,885.037438288481,359.084040305313,700.100498516494,1633125.52504212,6575535.63633734,925.9
114.3,58.2,8219.41954542168,2041.40690630265,0.248363877159639,1178.47071606004,359.084040305313,700.100498516494,2333328.09390393,9394796.54041698,1126.9
160.1,40.0,17704.4607931093,2426.87278507575,0.137076910358112,1387.70281154558,502.968983839726,679.524379821209,4853745.57015149,35408921.5862186,1261.0
160.2,41.0,17737.493697384,2418.99618397466,0.136377564116143,1406.97516928962,503.283143105085,679.737927696881,6047490.45993666,44343734.24346,1244.0
160.3,43.0,17742.2151969831,2439.44669551247,0.137493918793595,1421.56586125864,503.597302370444,658.650607788368,7318340.08653742,53226645.5909492,1236.0
160.2,41.0,17732.7728261034,2423.71705525522,0.136680093915566,1388.71844195491,503.283143105085,661.674756084674,8483009.69339326,62064704.891362,1193.0
159.9,45.0,17657.3243369348,2423.74375879277,0.137265630541933,1475.65159138284,502.340665309008,681.07199622077,9694975.0351711,70629297.3477393,1091.0
159.8,70.0,17619.6604109295,2436.29850551431,0.138271592567305,1922.84870582561,502.026506043649,689.472477060551,4872597.01102863,35239320.8218589,1650.0
159.7,71.0,17506.9099072292,2523.95553789404,0.144169105300063,1952.2221095615,501.71234677829,709.231506148226,6309888.84473511,43767274.768073,1562.0
159.8,73.0,17577.336560541,2478.62235590274,0.141012396694215,1967.24533914865,502.026506043649,684.099770229156,7435867.06770822,52732009.6816231,1468.0
160.1,74.0,17704.4607931093,2426.87278507575,0.137076910358112,1979.94698737099,502.968983839726,669.816888680906,8494054.74776511,61965612.7758825,1326.0
160.2,71.0,17709.1778944786,2447.31198688,0.138194556600113,1945.04629882126,503.283143105085,687.694668313281,9789247.94752001,70836711.5779146,1231.0
218.25,33.69995564915,33377.7117398908,4033.20806460511,0.120835367506182,2343.03700920063,685.652596645972,1218.2096038962,17604953.2020013,145693711.744623,1716.16375501181
218.25,36.2739953345,33119.1586645003,4291.76113999556,0.129585451836849,2497.6684278916,685.652596645972,1296.30422101295,14098435.3448854,108796436.212884,2064.29983102849
218.25,31.6584758987,33215.9982580472,4194.92154644865,0.126292201542741,2318.62220371485,685.652596645972,1267.0543234112,9245607.08837282,73208060.1607361,2412.43590704517
218.25,31.6584758987,33086.9102159112,4324.00958858465,0.130686412250887,2353.5258474952,685.652596645972,1306.04469786233,4077541.04203533,31200956.3336043,2755.66865804753
218.5,31.6584758987,33248.3095384894,4248.36592797244,0.127776900147491,2335.78772820535,686.43799480937,1283.19692200857,3999836.52118605,31303283.4304878,2745.86200801889
219.25,31.6584758987,33702.3168008229,4052.21470015933,0.120235493723102,2290.91444388018,688.794189299562,1223.95045971098,3815160.14020001,31730731.2679748,2804.70190819073
95.25,36.2739953345,6040.72504015716,1084.8488846514,0.179589184649129,524.452878054591,299.236700254428,305.331646130933,3085310.22794858,17179822.014207,279.489525816209
95.25,36.2739953345,6061.40653729482,1064.16738751374,0.175564430626142,519.382253533199,299.236700254428,299.510821078858,3026492.05008907,17238640.1920665,281.450855821936
95.5,36.2739953345,6061.40653729482,1101.62106243076,0.181743470868133,529.923622361485,300.022098417825,310.052189907144,3133010.30155307,17238640.1920665,291.257505850575
95.5,31.6584758987,6089.03684468315,1073.99075504243,0.176381057043566,495.045242462486,300.022098417825,302.275616268788,2086227.04166992,11827954.070797,362.846051059639
95.25,31.6584758987,6040.72504015716,1084.8488846514,0.179589184649129,496.571794225422,299.236700254428,305.331646130933,2106776.53399302,11731088.0279852,406.975976188514
95.25,31.6584758987,6040.72504015716,1084.8488846514,0.179589184649129,496.571794225422,299.236700254428,305.331646130933,2108132.59509883,11738638.9342854,406.975976188514
95.5,36.2739953345,6082.12337734984,1080.90422237574,0.177718233471074,524.844332574603,300.022098417825,304.221417560762,1587848.30266996,8934639.24132692,444.241246297342
95.25,36.2739953345,6054.50877792478,1071.06514688378,0.176903723517417,521.073424514273,299.236700254428,301.45220135114,1570984.80419178,8880450.75002118,441.29925128875
95.0,36.2739953345,6026.9570103528,1061.26141430917,0.176085778027981,517.314742910594,298.45130209103,298.692932435825,1557931.75620586,8847572.89119791,495.235826446264
95.5,36.2739953345,6095.95423900727,1067.07336071831,0.175046156660796,521.453325346967,300.022098417825,300.328709721892,1064405.67731651,6080714.35340975,524.655776532181
95.25,36.2739953345,6068.30822365568,1057.26570115288,0.174227422567531,517.690119744847,299.236700254428,297.568335551653,1051979.37264712,6037966.6825374,534.46242656082
95.25,36.2739953345,6054.50877792478,1071.06514688378,0.176903723517417,521.073424514273,299.236700254428,301.45220135114,539816.834029424,3051472.42407409,637.432251861529
95.5,36.2739953345,6082.12337734984,1080.90422237574,0.177718233471074,524.844332574603,300.022098417825,304.221417560762,544505.502021778,3063869.65133998,632.528926847209
95.5,36.2739953345,6089.03684468315,1073.99075504243,0.176381057043566,523.149310364423,300.022098417825,302.275616268788,542365.331296428,3074963.60656499,666.852201947445
273.0,29.5282361591,51874.7632942381,6660.17642561036,0.128389528986056,3576.09906046351,857.654794430014,2044.32879921383,7326194.0681714,57062239.6236619,5579.98386629553
273.0,8.84715868715,51874.7632942381,6660.17642561036,0.128389528986056,2503.2730619363,857.654794430014,2044.32879921383,7326194.0681714,57062239.6236619,4040.33981179923
273.0,8.84715868715,51874.7632942381,6660.17642561036,0.128389528986056,2503.2730619363,857.654794430014,2044.32879921383,7326194.0681714,57062239.6236619,3844.20681122645
273.0,13.9064780687,51874.7632942381,6660.17642561036,0.128389528986056,2765.72405728416,857.654794430014,2044.32879921383,7326194.0681714,57062239.6236619,5197.52451517862
273.0,13.9064780687,51874.7632942381,6660.17642561036,0.128389528986056,2765.72405728416,857.654794430014,2044.32879921383,7326194.0681714,57062239.6236619,5295.59101546501
204.0,9.1134386546,31415.9265358979,1269.20343205028,0.0404,585.026331348306,640.884901332318,298.71921208598,1116899.02020424,27646015.3515902,1068.92485312164
204.0,9.1134386546,31415.9265358979,1269.20343205028,0.0404,585.026331348306,640.884901332318,298.71921208598,1116899.02020424,27646015.3515902,1039.50490303572
204.0,28.37435630015,31415.9265358979,1269.20343205028,0.0404,1190.12590511488,640.884901332318,298.71921208598,1066130.88292223,26389378.2901543,1294.47780378033
204.0,39.8243949005,31415.9265358979,1269.20343205028,0.0404,1549.83947661668,640.884901332318,298.71921208598,1066130.88292223,26389378.2901543,1637.7105547827
204.0,40.5344748137,31415.9265358979,1269.20343205028,0.0404,1572.14729500438,640.884901332318,298.71921208598,1066130.88292223,26389378.2901543,1691.64712994021
96.0,9.1134386546,5808.80481648753,1429.42465738336,0.246078961600865,640.286826905768,301.59289474462,587.348640554164,586064.109527176,2381609.97475989,912.018452663418
96.0,9.1134386546,5808.80481648753,1429.42465738336,0.246078961600865,640.286826905768,301.59289474462,587.348640554164,643241.09582251,2613962.16741939,843.371902462945
96.0,28.37435630015,5808.80481648753,1429.42465738336,0.246078961600865,752.169738095208,301.59289474462,587.348640554164,643241.09582251,2613962.16741939,1044.40822805004
96.0,28.37435630015,5808.80481648753,1429.42465738336,0.246078961600865,752.169738095208,301.59289474462,587.348640554164,643241.09582251,2613962.16741939,1166.99135340803
96.0,39.8243949005,5808.80481648753,1429.42465738336,0.246078961600865,818.680777465889,301.59289474462,587.348640554164,571769.862953342,2323521.92659501,1176.79800343667
96.0,39.8243949005,5808.80481648753,1429.42465738336,0.246078961600865,818.680777465889,301.59289474462,587.348640554164,571769.862953342,2323521.92659501,1171.89467842235
96.0,39.8243949005,5808.80481648753,1429.42465738336,0.246078961600865,818.680777465889,301.59289474462,587.348640554164,571769.862953342,2323521.92659501,1073.82817813596
96.0,39.8243949005,5808.80481648753,1429.42465738336,0.246078961600865,818.680777465889,301.59289474462,587.348640554164,578916.986240259,2352565.95067745,1122.86142827915
166.0,26.510396528,19113.4497044403,2528.98208613979,0.132314266929652,1201.12871158389,521.504380495906,694.423580901196,1669128.17685226,12614876.8049306,1745.58370509772
166.0,26.510396528,19113.4497044403,2528.98208613979,0.132314266929652,1201.12871158389,521.504380495906,694.423580901196,1669128.17685226,12614876.8049306,1696.55045495453
166.0,29.5282361591,19113.4497044403,2528.98208613979,0.132314266929652,1258.81003758899,521.504380495906,694.423580901196,1669128.17685226,12614876.8049306,1863.26350544139
166.0,29.5282361591,19113.4497044403,2528.98208613979,0.132314266929652,1258.81003758899,521.504380495906,694.423580901196,1669128.17685226,12614876.8049306,1873.07015547003
166.0,29.5282361591,19113.4497044403,2528.98208613979,0.132314266929652,1258.81003758899,521.504380495906,694.423580901196,1669128.17685226,12614876.8049306,1696.55045495453
166.0,29.5282361591,19113.4497044403,2528.98208613979,0.132314266929652,1258.81003758899,521.504380495906,694.423580901196,1669128.17685226,12614876.8049306,1735.77705506909
166.0,29.5282361591,19113.4497044403,2528.98208613979,0.132314266929652,1258.81003758899,521.504380495906,694.423580901196,1669128.17685226,12614876.8049306,2029.97655592825
166.0,29.5282361591,19113.4497044403,2528.98208613979,0.132314266929652,1258.81003758899,521.504380495906,694.423580901196,1669128.17685226,12614876.8049306,2108.42975615736
121.0,40.5344748137,7389.81131940659,4109.20319089545,0.556063343607185,1508.46764496433,380.132711084365,1208.92552415985,2054601.59544772,3694905.6597033,2588.95560756067
166.0,29.5282361591,19113.4497044403,2528.98208613979,0.132314266929652,1258.81003758899,521.504380495906,694.423580901196,885143.730148925,6689707.3965541,1784.81030521228
166.0,29.5282361591,19113.4497044403,2528.98208613979,0.132314266929652,1258.81003758899,521.504380495906,694.423580901196,885143.730148925,6689707.3965541,2039.78320595689
166.0,29.5282361591,19113.4497044403,2528.98208613979,0.132314266929652,1258.81003758899,521.504380495906,694.423580901196,1264491.04306989,9556724.85222015,2000.55660584234
166.0,29.5282361591,19113.4497044403,2528.98208613979,0.132314266929652,1258.81003758899,521.504380495906,694.423580901196,1264491.04306989,9556724.85222015,2044.68653097121
166.0,29.5282361591,19113.4497044403,2528.98208613979,0.132314266929652,1258.81003758899,521.504380495906,694.423580901196,1669128.17685226,12614876.8049306,1976.03998077074
166.0,29.5282361591,19113.4497044403,2528.98208613979,0.132314266929652,1258.81003758899,521.504380495906,694.423580901196,2781880.29475376,21024794.6748843,1985.84663079938
320.0,46.037594141,73541.5424278835,6883.22950401524,0.0935964799863301,5106.96195949458,1005.30964914873,1721.28627669655,1789639.67104396,19120801.0312497,7913.96657311159
320.0,46.037594141,73541.5424278835,6883.22950401524,0.0935964799863301,5106.96195949458,1005.30964914873,1721.28627669655,3028620.9817667,32358278.6682687,5903.60331724062
320.0,46.037594141,73541.5424278835,6883.22950401524,0.0935964799863301,5106.96195949458,1005.30964914873,1721.28627669655,3579279.34208792,38241602.0624994,5893.79666721198
320.0,46.037594141,73541.5424278835,6883.22950401524,0.0935964799863301,5106.96195949458,1005.30964914873,1721.28627669655,3579279.34208792,38241602.0624994,6384.12916864392
101.8,17.9461695,7226.17078462934,913.098878217628,0.126359991402343,421.596866055683,319.814132135441,291.914780318777,182619.775643526,1445234.15692587,627.62560183289
101.8,17.9461695,6418.39945499009,1720.87020785688,0.268115161719791,640.028408260618,319.814132135441,524.842723722659,344174.041571377,1283679.89099802,953.206382783701
101.8,37.3633365,6418.39945499009,1720.87020785688,0.268115161719791,764.65554235087,319.814132135441,524.842723722659,344174.041571377,1283679.89099802,970.858352835251
100.0,17.9461695,7691.46830264134,162.513331333139,0.0211290386878835,177.71580674496,314.159265358979,39.6834128818814,32502.6662666278,1538293.66052827,238.301595695925
100.0,17.9461695,7691.46830264134,162.513331333139,0.0211290386878835,177.71580674496,314.159265358979,39.6834128818814,32502.6662666278,1538293.66052827,242.224255707381
100.0,17.9461695,7691.46830264134,162.513331333139,0.0211290386878835,177.71580674496,314.159265358979,39.6834128818814,32502.6662666278,1538293.66052827,237.320930693061
150.0,22.555295,17343.1308282159,328.327848226672,0.0189312905195012,471.674339374307,471.238898038469,80.4949073203024,157597.367148803,8324702.79754364,538.385086572276
150.0,22.555295,17343.1308282159,328.327848226672,0.0189312905195012,471.674339374307,471.238898038469,80.4949073203024,262662.278581338,13874504.6625727,513.868461500678
150.0,22.555295,17017.8817407898,653.576935652825,0.0384053048204162,544.078349339121,471.238898038469,160.235006400494,522861.54852226,13614305.3926318,697.252817036226
150.0,22.555295,16695.7114141641,975.747262278452,0.0584429880268928,615.796993421914,471.238898038469,239.220297240574,780597.809822761,13356569.1313313,787.473997299704
150.0,35.30394,16695.7114141641,975.747262278452,0.0584429880268928,828.64469126354,471.238898038469,239.220297240574,780597.809822761,13356569.1313313,1073.82817813596
630.0,36.0,298024.045490142,13700.4855623051,0.0459710743801653,14721.1871305008,1979.20337176157,3992.3214928557,25893917.7127566,563265445.976369,16650.0
630.0,35.0,296844.729621256,14879.8014311916,0.0501265474720629,15590.0561369454,1979.20337176157,5200.49060020145,28122824.704952,561036538.984173,18000.0
630.0,34.5,295243.841549228,16480.6895032189,0.055820603799016,15954.153859575,1979.20337176157,5768.24132612662,31148503.1610838,558010860.528041,18600.0
630.0,38.4,291844.357125502,19880.1739269455,0.068119096503197,17634.0835442008,1979.20337176157,6427.26023058149,37573528.7219271,551585834.967198,20500.0
630.0,46.0,289188.50464748,22536.0264049672,0.0779285000710474,21127.1795815887,1979.20337176157,7824.50836780463,42593089.9053881,546566273.783737,24400.0
720.0,15.0,388592.67452529,18557.7333799468,0.0477562614957094,11618.9029324228,2261.94671058465,5790.01281454342,40084704.1006852,839360176.974627,15000.0
820.0,45.0,505347.624695269,22754.1003731755,0.0450266297123618,30272.2503348082,2576.10597594363,7531.60722352108,55975086.9180116,1243155156.75036,33600.0
1020.0,16.9,786529.543903148,30598.7052955567,0.0389034404781679,23573.5142712703,3204.42450666159,10281.164979307,93632038.2044035,2406780404.34363,30000.0
1020.0,28.9,775221.170345685,41907.0788530202,0.0540582229382785,37855.0317960988,3204.42450666159,15451.1399731086,128235661.290242,2372176781.2578,46000.0
190.7,55.897905,25080.6614765035,3481.51297870821,0.13881264582953,3160.26836406217,599.101719039573,1758.31193151142,4003739.92551444,28842760.697979,3062.61680394393
190.7,55.897905,25080.6614765035,3481.51297870821,0.13881264582953,3160.26836406217,599.101719039573,1758.31193151142,8007479.85102889,57685521.395958,2611.51090262654
190.7,55.897905,25080.6614765035,3481.51297870821,0.13881264582953,3160.26836406217,599.101719039573,1758.31193151142,12011219.7765433,86528282.0939369,2059.39650601417
190.7,48.3467845,25080.6614765035,3481.51297870821,0.13881264582953,2970.88126703338,599.101719039573,1758.31193151142,4003739.92551444,28842760.697979,3147.93465919309
190.7,48.3467845,25080.6614765035,3481.51297870821,0.13881264582953,2970.88126703338,599.101719039573,1758.31193151142,12011219.7765433,86528282.0939369,2132.94638122896
267.4,55.897905,50431.641292885,5726.49508896348,0.113549647446659,5458.4365480004,840.061875569911,2639.41345401663,9162392.14234157,80690626.0686161,5180.85321012993
267.4,55.897905,50431.641292885,5726.49508896348,0.113549647446659,5458.4365480004,840.061875569911,2639.41345401663,18324784.2846831,161381252.137232,4533.61430823976
267.4,55.897905,50431.641292885,5726.49508896348,0.113549647446659,5458.4365480004,840.061875569911,2639.41345401663,27487176.4270247,242071878.205848,3625.5185155878
267.4,48.3467845,50431.641292885,5726.49508896348,0.113549647446659,5077.62114758505,840.061875569911,2639.41345401663,9162392.14234157,80690626.0686161,5187.71786514998
267.4,48.3467845,50431.641292885,5726.49508896348,0.113549647446659,5077.62114758505,840.061875569911,2639.41345401663,27487176.4270247,242071878.205848,3903.04671139828
139.7,38.40515,11548.4086658795,3779.49257681982,0.327273885620846,3020.81293734278,438.880493706494,2577.29457026838,3455968.01224405,10559864.8840802,3047.031796
139.7,38.40515,11548.4086658795,3779.49257681982,0.327273885620846,3020.81293734278,438.880493706494,2577.29457026838,3455968.01224405,10559864.8840802,2597.7614144
139.7,38.40515,11548.4086658795,3779.49257681982,0.327273885620846,3020.81293734278,438.880493706494,2577.29457026838,11519893.3741468,35199549.6136007,2001.69972
177.8,38.40515,18217.1553958329,6611.51107994448,0.362927742355255,4624.61894751457,558.575173808265,3924.9863619643,6045565.73150124,16657766.8939496,5253.3497096
177.8,38.40515,18217.1553958329,6611.51107994448,0.362927742355255,4624.61894751457,558.575173808265,3924.9863619643,6045565.73150124,16657766.8939496,5524.6912272
177.8,38.40515,18217.1553958329,6611.51107994448,0.362927742355255,4624.61894751457,558.575173808265,3924.9863619643,20151885.7716708,55525889.6464987,4310.3267304
165.2,40.8937305,19162.4899657628,2271.84272744346,0.118556760186307,1723.80652595498,518.991106373034,940.18082558612,1501688.04284013,12666405.8673692,1562.19934956218
165.2,40.8937305,19162.4899657628,2271.84272744346,0.118556760186307,1723.80652595498,518.991106373034,940.18082558612,3003376.08568026,25332811.7347385,1412.157604124
165.2,40.8937305,19162.4899657628,2271.84272744346,0.118556760186307,1723.80652595498,518.991106373034,940.18082558612,4502792.28579294,37980055.1121419,1371.95033900658
165.2,40.8937305,19162.4899657628,2271.84272744346,0.118556760186307,1723.80652595498,518.991106373034,940.18082558612,6756460.27141686,56989245.1581787,1147.37805335075
165.2,40.8937305,19162.4899657628,2271.84272744346,0.118556760186307,1723.80652595498,518.991106373034,940.18082558612,9007856.41431333,75979272.7142496,1018.91093797558
190.0,110.3,27694.1825643143,658.6911343336,0.0237844584437154,3188.44850622702,596.902604182061,133.780169383154,436053.530928843,18333548.8575761,3030.0
190.0,110.3,27694.1825643143,658.6911343336,0.0237844584437154,3188.44850622702,596.902604182061,133.780169383154,432101.384122841,18167383.7621902,2940.0
190.0,110.3,27694.1825643143,658.6911343336,0.0237844584437154,3188.44850622702,596.902604182061,133.780169383154,436053.530928843,18333548.8575761,3140.0
190.0,94.7,27694.1825643143,658.6911343336,0.0237844584437154,2756.41925822372,596.902604182061,133.780169383154,436053.530928843,18333548.8575761,2462.0
190.0,110.3,27694.1825643143,658.6911343336,0.0237844584437154,3188.44850622702,596.902604182061,133.780169383154,437370.91319751,18388937.2227047,3055.0
190.0,110.3,27694.1825643143,658.6911343336,0.0237844584437154,3188.44850622702,596.902604182061,133.780169383154,434736.148660176,18278160.4924474,3000.0
140.8,28.18,14271.5014430216,1298.73440299402,0.0910019459535612,772.310215517644,442.336245625443,370.139304853296,824696.345901202,9062403.4163187,881.0
101.5,58.0,7344.17183213157,747.196396729796,0.10174004827348,732.312488922847,318.871654339364,306.350522659216,1625152.16288731,15973573.7348862,523.0
165.0,48.3,19945.6651381986,1436.79986029692,0.0720356954928145,1485.36501542086,518.362787842316,521.989389245871,834062.318902362,11578458.6127243,1662.0
190.0,41.0,27206.7063446457,1146.16735400215,0.0421281186881966,1409.35226969663,596.902604182061,293.877309566151,760482.039380425,18051649.6596724,1678.0
190.0,48.3,27452.840075958,900.033622689876,0.0327847180910833,1601.47246757414,596.902604182061,275.500291905371,598072.342277423,18242412.2304741,1695.0
165.0,80.2,19945.6651381986,1436.79986029692,0.0720356954928145,2121.6317333294,518.362787842316,521.989389245871,834062.318902362,11578458.6127243,2295.0
190.0,74.7,27206.7063446457,1146.16735400215,0.0421281186881966,2326.21827351119,596.902604182061,293.877309566151,760482.039380425,18051649.6596724,2592.0
190.0,80.2,27452.840075958,900.033622689876,0.0327847180910833,2477.2180659972,596.902604182061,275.500291905371,597172.308654733,18214959.3903981,2602.0
190.0,80.2,27682.3852555815,670.488443066359,0.0242207612124454,2344.63700137506,596.902604182061,124.509703877423,444198.593531463,18339580.2318228,2295.0
190.0,74.7,27841.8609809779,511.012717669979,0.0183541149788483,2187.45739489211,596.902604182061,107.670379613065,339056.938174031,18473074.7608788,2451.0
165.0,108.0,19945.6651381986,1436.79986029692,0.0720356954928145,2676.12122417132,518.362787842316,521.989389245871,829751.919321471,11518621.6173097,2673.0
190.0,108.0,27206.7063446457,1146.16735400215,0.0421281186881966,3232.20159478789,596.902604182061,293.877309566151,756470.453641417,17956426.1874662,3360.0
190.0,108.0,27452.840075958,900.033622689876,0.0327847180910833,3240.40702010884,596.902604182061,275.500291905371,595372.241409353,18160053.7102462,3260.0
190.0,108.0,27682.3852555815,670.488443066359,0.0242207612124454,3114.20731148023,596.902604182061,124.509703877423,442522.372423797,18270374.2686838,3058.0
190.0,108.0,27841.8609809779,511.012717669979,0.0183541149788483,3114.59136555868,596.902604182061,107.670379613065,338290.419097526,18431311.9694074,3070.0
159.0,64.5,17530.3697503699,2325.28121848102,0.132643021886744,2137.55561650114,499.513231920777,1006.84676760228,1511432.79201266,11394740.3377404,2150.0
219.0,58.0,33653.5259034173,4014.95541128775,0.119302667506826,3256.76501106672,688.008791136165,1304.86050866852,4014955.41128775,33653525.9034173,2989.0
219.0,47.6,34966.7116326178,2701.76968208722,0.0772669077513982,2542.49062039095,688.008791136165,878.075146678347,2701769.68208722,34966711.6326178,1930.6
219.0,52.3,34966.7116326178,2701.76968208722,0.0772669077513982,2706.83416506426,688.008791136165,878.075146678347,2701769.68208722,34966711.6326178,1979.6
133.0,34.4836,12076.2821603992,1816.6259519383,0.15042924037461,1006.83711788629,417.831822927442,590.403434379946,3382557.52250911,22486037.3826632,882.0
133.0,34.4836,12076.2821603992,1816.6259519383,0.15042924037461,1006.83711788629,417.831822927442,590.403434379946,3382557.52250911,22486037.3826632,715.0
133.0,34.4836,12076.2821603992,1816.6259519383,0.15042924037461,1006.83711788629,417.831822927442,590.403434379946,5073836.28376366,33729056.0739949,784.0
133.0,34.4836,12076.2821603992,1816.6259519383,0.15042924037461,1006.83711788629,417.831822927442,590.403434379946,844731.067651308,5615471.20458561,800.0
114.88,28.0186,8668.91359574906,1696.31143560597,0.195677511013351,862.044496470035,360.906164044395,619.15367399618,509741.586399595,2605008.53552259,1380.0
115.04,88.531,8692.0328902461,1702.08474042548,0.195821249403635,1390.77529406168,361.40881886897,621.260930255299,510625.422127643,2607609.86707383,1787.0
114.49,47.7584,8990.34289920753,1304.6248892195,0.145114030003739,876.850729319802,359.680942909495,447.486337002289,390474.229343397,2690809.62973281,1038.0
114.29,47.7584,8956.76241533331,1302.26869472931,0.14539502493668,874.438804428607,359.052624378777,446.678162292153,390680.608418792,2687028.72459999,1067.0
149.0,25.4,16078.5819798412,1358.04264574555,0.0844628368004228,826.673117177595,468.097305384879,418.277134889628,607045.062648259,7187126.14498902,941.0
149.0,40.5,16078.5819798412,1358.04264574555,0.0844628368004228,1069.4597050732,468.097305384879,418.277134889628,607045.062648259,7187126.14498902,1064.0
149.0,40.5,16078.5819798412,1358.04264574555,0.0844628368004228,1069.4597050732,468.097305384879,418.277134889628,607045.062648259,7187126.14498902,1080.0
149.0,77.0,16078.5819798412,1358.04264574555,0.0844628368004228,1656.3279473374,468.097305384879,418.277134889628,607045.062648259,7187126.14498902,1781.0
301.0,25.4,68386.3509895235,2771.50801244868,0.0405272100696419,2510.26405060708,945.619388730528,773.250735473183,2502671.73524116,61752874.9435398,2382.0
300.0,41.1,67923.6258075763,2762.20889819406,0.04066639354647,3562.31730328753,942.477796076938,770.656282596143,2485988.00837466,61131263.2268187,3277.0
300.0,41.1,67923.6258075763,2762.20889819406,0.04066639354647,3562.31730328753,942.477796076938,770.656282596143,2485988.00837466,61131263.2268187,3152.0
301.0,80.3,68386.3509895235,2771.50801244868,0.0405272100696419,6264.67471993192,945.619388730528,773.250735473183,2502671.73524116,61752874.9435398,5540.0
450.0,25.4,154886.052051595,4157.07603638791,0.0268395764584606,5093.92993626275,1413.71669411541,1159.82421415223,5612052.64912368,209096170.269654,4415.0
450.0,41.1,154886.052051595,4157.07603638791,0.0268395764584606,7525.6409534728,1413.71669411541,1159.82421415223,5612052.64912368,209096170.269654,6870.0
450.0,41.1,154886.052051595,4157.07603638791,0.0268395764584606,7525.6409534728,1413.71669411541,1159.82421415223,5612052.64912368,209096170.269654,6985.0
122.0,40.5,10014.554176176,1675.31208783158,0.167287735266043,1370.56920672612,383.274303737955,964.979762590991,613164.224146359,3665326.82848043,1657.0
122.0,40.5,10014.554176176,1675.31208783158,0.167287735266043,1370.56920672612,383.274303737955,964.979762590991,613164.224146359,3665326.82848043,1663.0
238.0,40.5,41158.2931245669,3329.80044291812,0.0809022967215956,3355.11969610445,747.699051554371,1688.20882455949,2377477.51624354,29387021.2909408,3583.0
238.0,40.5,41158.2931245669,3329.80044291812,0.0809022967215956,3355.11969610445,747.699051554371,1688.20882455949,2377477.51624354,29387021.2909408,3647.0
238.0,77.0,41158.2931245669,3329.80044291812,0.0809022967215956,4857.39739515114,747.699051554371,1688.20882455949,2377477.51624354,29387021.2909408,5578.0
361.0,25.4,97269.7454395831,5084.12861253571,0.0522683449983284,5139.81905574666,1134.11494794592,2669.16752158125,5506111.28737618,105343134.311069,5633.0
361.0,41.1,97269.7454395831,5084.12861253571,0.0522683449983284,6666.95405914812,1134.11494794592,2669.16752158125,5506111.28737618,105343134.311069,7260.0
360.0,41.1,96717.7361944209,5069.86578188841,0.0524191940524437,6636.77849308211,1130.97335529233,2661.67953549141,5475455.04443948,104455155.089975,7045.0
109.0,40.5,7247.28008814661,2084.03549117847,0.287561052675064,2071.19711754517,342.433599241287,1777.68227397524,681479.605615361,2369860.58882394,2446.0
108.0,40.5,7097.17479115809,2063.70938670975,0.290778999733921,2047.77968590532,339.292006587698,1760.34410686341,668641.841293958,2299484.63233522,2402.0
108.0,77.0,7097.17479115809,2063.70938670975,0.290778999733921,2306.82656578259,339.292006587698,1760.34410686341,668641.841293958,2299484.63233522,2713.0
222.0,25.4,34326.6777887353,4380.88529614451,0.127623340747008,4564.9839204837,697.433569096934,3693.08630464982,2917669.60723224,22861567.4072977,4964.0
222.0,77.0,34326.6777887353,4380.88529614451,0.127623340747008,6336.24049438244,697.433569096934,3693.08630464982,2917669.60723224,22861567.4072977,7304.0
337.0,25.4,82478.4967088368,6718.38731004798,0.0814562289340098,7624.18657257395,1058.71672425976,5529.23275616949,6792289.57045851,83385760.172634,8475.0
337.0,41.1,82478.4967088368,6718.38731004798,0.0814562289340098,8919.09897090268,1058.71672425976,5529.23275616949,6792289.57045851,83385760.172634,9668.0
337.0,41.1,82478.4967088368,6718.38731004798,0.0814562289340098,8919.09897090268,1058.71672425976,5529.23275616949,6792289.57045851,83385760.172634,9835.0
360.0,31.5,95114.8591800846,6672.74279622472,0.070154577883472,6319.14397669257,1130.97335529233,3323.02591251991,11744027.3213555,167402152.156949,6888.0
300.0,31.5,59828.490494964,10857.3442108063,0.181474480151229,7085.2653275676,942.477796076938,5200.66787697623,17154603.853074,94529014.9820431,9823.0
114.85,40.3,9305.65073084066,1054.16141491206,0.113281859098619,748.243573402492,360.811916264788,373.225848949613,1054161.41491206,9305650.73084066,806.4
114.85,40.3,9305.65073084066,1054.16141491206,0.113281859098619,748.243573402492,360.811916264788,373.225848949613,1581242.12236808,13958476.096261,688.2
114.85,40.3,9305.65073084066,1054.16141491206,0.113281859098619,748.243573402492,360.811916264788,373.225848949613,2108322.82982411,18611301.4616813,632.2
114.85,40.3,9305.65073084066,1054.16141491206,0.113281859098619,748.243573402492,360.811916264788,373.225848949613,2635403.53728014,23264126.8271017,566.1
127.3,40.3,11556.1051027994,1171.49990052363,0.101374977996682,870.112801303574,399.924744801981,404.401765660758,1171499.90052363,11556105.1027994,912.1
127.3,40.3,11556.1051027994,1171.49990052363,0.101374977996682,870.112801303574,399.924744801981,404.401765660758,1757249.85078545,17334157.6541991,848.5
127.3,40.3,11556.1051027994,1171.49990052363,0.101374977996682,870.112801303574,399.924744801981,404.401765660758,2342999.80104727,23112210.2055988,715.8
127.3,40.3,11556.1051027994,1171.49990052363,0.101374977996682,870.112801303574,399.924744801981,404.401765660758,2928749.75130908,28890262.7569985,638.8
152.4,30.9,16833.407420171,1408.06182733894,0.0836468691212039,1207.56807339016,478.778720407085,687.415784106873,1408061.82733894,16833407.420171,1463.3
152.4,30.9,16833.407420171,1408.06182733894,0.0836468691212039,1207.56807339016,478.778720407085,687.415784106873,2112092.74100842,25250111.1302565,1209.1
152.4,30.9,16833.407420171,1408.06182733894,0.0836468691212039,1207.56807339016,478.778720407085,687.415784106873,2816123.65467789,33666814.8403419,1167.3
152.4,30.9,16833.407420171,1408.06182733894,0.0836468691212039,1075.35106780303,478.778720407085,555.198778519746,3520154.56834736,42083518.5504274,968.9
193.7,30.9,27670.5904601229,1797.30515711872,0.0649536250304773,1571.78654187674,608.526497000343,716.765296658947,1797305.15711872,27670590.4601229,1999.6
193.7,30.9,27376.5373877469,2091.35822949473,0.0763923574363636,1679.96866720388,608.526497000343,834.033661922498,3137037.3442421,41064806.0816203,1817.1
193.7,30.9,27376.5373877469,2091.35822949473,0.0763923574363636,1679.96866720388,608.526497000343,834.033661922498,4182716.45898946,54753074.7754937,1796.3
193.7,30.9,27376.5373877469,2091.35822949473,0.0763923574363636,1666.16570288921,608.526497000343,820.230697607833,5228395.57373683,68441343.4693672,1620.8
150.0,43.4484,16286.0163162095,1385.4423602331,0.0850694444444446,1157.03885297281,471.238898038469,449.437501659618,935173.593157343,10993061.0134414,1462.0
150.0,43.4484,16286.0163162095,1385.4423602331,0.0850694444444446,1157.03885297281,471.238898038469,449.437501659618,1246898.12420979,14657414.6845885,1489.0
111.64,39.3108,9133.7609235338,655.040917829394,0.0717164510121601,530.217640741673,350.727403846765,171.162191828821,262016.367131758,3653504.36941352,666.6
111.64,46.9826,9133.7609235338,655.040917829394,0.0717164510121601,600.29002779484,350.727403846765,171.162191828821,262016.367131758,3653504.36941352,701.9
113.64,46.9826,8884.7771393662,1257.89369849735,0.141578531320042,743.979134557899,357.010589153944,326.549204129913,503157.479398941,3553910.85574648,1011.0
76.21,145.0,3978.17435135787,583.389985860441,0.146647666576331,743.684816902978,239.420776130078,166.849535956086,175016.995758132,1193452.30540736,752.0
76.12,145.0,3970.35264958842,580.444114429169,0.146194599235244,741.708150917063,239.138032791255,166.007016726742,174133.234328751,1191105.79487652,762.0
76.11,145.0,3975.93879402558,573.662358367864,0.144283498335003,740.578559626918,239.106616864719,164.067434493209,172098.707510359,1192781.63820767,774.0
76.19,145.0,3871.57634271039,687.594100905892,0.1776005533768,752.529729744844,239.357944277006,191.151160051838,206278.230271767,1161472.90281312,805.0
75.84,145.0,3833.07259044891,684.306424193909,0.178526862731229,746.032711540999,238.25838684825,190.237185925907,205291.927258173,1149921.77713467,796.0
75.97,145.0,3849.55063661607,683.328446400846,0.177508626565703,748.150150408765,238.666793893217,189.965308099435,204998.533920254,1154865.19098482,801.0
76.18,145.0,3800.22252686665,757.751205568062,0.199396535389953,782.146384093923,239.32652835047,231.114117698259,227325.361670419,1140066.75805999,841.0
159.0,37.7,16971.6689128555,2883.98205599543,0.169929196168263,1776.12084807685,499.513231920777,1136.2889300622,6157301.68955024,36234513.1289464,1414.0
159.0,120.1,16971.6689128555,2883.98205599543,0.169929196168263,3356.27723602385,499.513231920777,1317.97979958991,6157301.68955024,36234513.1289464,2792.0
159.0,116.0,16971.6689128555,2883.98205599543,0.169929196168263,3373.21285516101,499.513231920777,1404.49926126977,6157301.68955024,36234513.1289464,2193.0
114.3,56.2,9300.52200229386,960.30444943047,0.103252747447253,748.360882145075,359.084040305313,225.671545616161,288091.334829141,2790156.60068816,901.81
114.3,66.75,9300.52200229386,960.30444943047,0.103252747447253,846.481389269276,359.084040305313,225.671545616161,288091.334829141,2790156.60068816,981.23
114.3,56.2,8251.58945419444,2009.23699752989,0.243496966091612,1177.01846144884,359.084040305313,713.27913412311,602771.099258966,2475476.83625833,1735.77
114.3,66.75,8251.58945419444,2009.23699752989,0.243496966091612,1264.07273019059,359.084040305313,713.27913412311,602771.099258966,2475476.83625833,1818.62
114.3,107.2,8251.58945419444,2009.23699752989,0.243496966091612,1597.84952361275,359.084040305313,713.27913412311,602771.099258966,2475476.83625833,1989.86
114.3,56.2,9300.52200229386,960.30444943047,0.103252747447253,748.360882145075,359.084040305313,225.671545616161,576182.669658282,5580313.20137632,947.75
114.3,66.75,9300.52200229386,960.30444943047,0.103252747447253,846.481389269276,359.084040305313,225.671545616161,576182.669658282,5580313.20137632,1031.92
114.3,56.2,8251.58945419444,2009.23699752989,0.243496966091612,1177.01846144884,359.084040305313,713.27913412311,1205542.19851793,4950953.67251667,1723.19
114.3,66.75,8251.58945419444,2009.23699752989,0.243496966091612,1264.07273019059,359.084040305313,713.27913412311,1205542.19851793,4950953.67251667,1810.94
114.3,107.2,8251.58945419444,2009.23699752989,0.243496966091612,1597.84952361275,359.084040305313,713.27913412311,1205542.19851793,4950953.67251667,1968.06
114.3,56.2,9300.52200229386,960.30444943047,0.103252747447253,748.360882145075,359.084040305313,225.671545616161,864274.004487423,8370469.80206447,877.28
114.3,66.75,9300.52200229386,960.30444943047,0.103252747447253,846.481389269276,359.084040305313,225.671545616161,864274.004487423,8370469.80206447,983.51
114.3,56.2,8251.58945419444,2009.23699752989,0.243496966091612,1177.01846144884,359.084040305313,713.27913412311,1808313.2977769,7426430.508775,1592.48
114.3,66.75,8251.58945419444,2009.23699752989,0.243496966091612,1264.07273019059,359.084040305313,713.27913412311,1808313.2977769,7426430.508775,1713.34
114.3,107.2,8251.58945419444,2009.23699752989,0.243496966091612,1597.84952361275,359.084040305313,713.27913412311,1808313.2977769,7426430.508775,1907.29
152.0,73.0,17343.1308282159,802.708338918728,0.0462839349405578,1482.77980196782,477.522083345649,216.731251508057,722437.505026855,15608817.7453943,1550.0
152.0,73.0,17343.1308282159,802.708338918728,0.0462839349405578,1482.77980196782,477.522083345649,216.731251508057,722437.505026855,15608817.7453943,1458.0
152.0,73.0,17343.1308282159,802.708338918728,0.0462839349405578,1482.77980196782,477.522083345649,216.731251508057,401354.169459364,8671565.41410796,1548.0
152.0,73.0,17343.1308282159,802.708338918728,0.0462839349405578,1482.77980196782,477.522083345649,216.731251508057,401354.169459364,8671565.41410796,1448.0
114.3,166.56,9008.83894741572,1251.98750430861,0.138973236353365,2005.06317931793,359.084040305313,504.550964236369,312996.876077152,2252209.73685393,2422.0
114.3,166.56,9008.83894741572,1251.98750430861,0.138973236353365,2005.06317931793,359.084040305313,504.550964236369,312996.876077152,2252209.73685393,2340.0
114.3,176.832,9008.83894741572,1251.98750430861,0.138973236353365,2097.60197298579,359.084040305313,504.550964236369,312996.876077152,2252209.73685393,2497.0
114.3,176.832,9008.83894741572,1251.98750430861,0.138973236353365,2097.60197298579,359.084040305313,504.550964236369,312996.876077152,2252209.73685393,2314.0
114.3,166.56,9008.83894741572,1251.98750430861,0.138973236353365,2036.36286692565,359.084040305313,535.850651844084,312996.876077152,2252209.73685393,2610.0
114.3,166.56,9008.83894741572,1251.98750430861,0.138973236353365,2036.36286692565,359.084040305313,535.850651844084,312996.876077152,2252209.73685393,2633.0
219.1,49.536,34339.8146725756,3363.07493566787,0.0979351510115658,2979.0255351745,688.322950401524,1277.96847555379,2017844.96140072,20603888.8035454,3118.0
219.1,177.696,34339.8146725756,3363.07493566787,0.0979351510115658,7380.01618361178,688.322950401524,1277.96847555379,2017844.96140072,20603888.8035454,7837.0
219.1,185.568,34339.8146725756,3363.07493566787,0.0979351510115658,7650.3392047143,688.322950401524,1277.96847555379,2017844.96140072,20603888.8035454,8664.0
219.1,49.536,31133.8193695872,6569.07023865626,0.210994679472998,4045.06063721991,688.322950401524,2502.81576092803,3941442.14319376,18680291.6217523,5241.0
219.1,177.696,31133.8193695872,6569.07023865626,0.210994679472998,8035.1709276262,688.322950401524,2502.81576092803,3941442.14319376,18680291.6217523,9085.0
219.1,185.568,31133.8193695872,6569.07023865626,0.210994679472998,8280.25635370359,688.322950401524,2502.81576092803,3941442.14319376,18680291.6217523,9187.0
219.1,178.56,27493.9701211381,10208.9194871054,0.371314853479691,8727.45919300783,688.322950401524,3818.13588817742,42826417.2484071,115337204.658174,6402.0
273.0,172.8,50272.5510409073,8262.38867894116,0.164351888015748,12091.2009555925,857.654794430014,3404.10413572376,34660720.5081581,210893351.616606,8648.0
165.0,24.1396,20171.5912030852,1210.87379541034,0.0600286701836959,835.060359186468,518.362787842316,348.126216180473,744687.38417736,12405528.5898974,1008.0
165.0,24.1396,20171.5912030852,1210.87379541034,0.0600286701836959,835.060359186468,518.362787842316,348.126216180473,744687.38417736,12405528.5898974,996.0
558.1,25.4326,216508.356765921,28124.0152711785,0.129898058861464,20862.0827723484,1753.32285996846,15355.7123380635,28053705.2330006,215967085.874007,29050.0
557.65,25.4326,216153.867697571,28084.1657391639,0.129926732462902,20831.3093491888,1751.90914327435,15333.9544935835,27940936.4938942,215051482.972313,28830.0
559.4,25.4326,217565.29911865,28208.0601003251,0.129653305074821,20934.8520411425,1757.40693041813,15401.6008147775,28062788.5908084,216444837.828189,29590.0
114.3,166.56,9008.83894741572,1251.98750430861,0.138973236353365,2005.06317931793,359.084040305313,504.550964236369,312996.876077152,2252209.73685393,2422.0
114.3,166.56,9008.83894741572,1251.98750430861,0.138973236353365,2005.06317931793,359.084040305313,504.550964236369,312996.876077152,2252209.73685393,2340.0
114.3,176.832,9008.83894741572,1251.98750430861,0.138973236353365,2097.60197298579,359.084040305313,504.550964236369,312996.876077152,2252209.73685393,2497.0
114.3,176.832,9008.83894741572,1251.98750430861,0.138973236353365,2097.60197298579,359.084040305313,504.550964236369,312996.876077152,2252209.73685393,2314.0
114.3,166.56,8123.28681022183,2137.5396415025,0.263137285613595,2267.88161767362,359.084040305313,914.866966563068,534384.910375624,2030821.70255546,2610.0
114.3,166.56,8123.28681022183,2137.5396415025,0.263137285613595,2267.88161767362,359.084040305313,914.866966563068,534384.910375624,2030821.70255546,2633.0
219.1,49.536,34339.8146725756,3363.07493566787,0.0979351510115658,2979.0255351745,688.322950401524,1277.96847555379,2017844.96140072,20603888.8035454,3118.0
219.1,177.696,34339.8146725756,3363.07493566787,0.0979351510115658,7380.01618361178,688.322950401524,1277.96847555379,2017844.96140072,20603888.8035454,7837.0
219.1,185.568,34339.8146725756,3363.07493566787,0.0979351510115658,7650.3392047143,688.322950401524,1277.96847555379,2017844.96140072,20603888.8035454,8664.0
219.1,49.536,31133.8193695872,6569.07023865626,0.210994679472998,4045.06063721991,688.322950401524,2502.81576092803,3941442.14319376,18680291.6217523,5241.0
219.1,177.696,31133.8193695872,6569.07023865626,0.210994679472998,8035.1709276262,688.322950401524,2502.81576092803,3941442.14319376,18680291.6217523,9085.0
219.1,185.568,31133.8193695872,6569.07023865626,0.210994679472998,8280.25635370359,688.322950401524,2502.81576092803,3941442.14319376,18680291.6217523,9187.0
219.1,178.56,27493.9701211381,10208.9194871054,0.371314853479691,8727.45919300783,688.322950401524,3818.13588817742,42826417.2484071,115337204.658174,6324.0
273.0,172.8,50272.5510409073,8262.38867894116,0.164351888015748,12091.2009555925,857.654794430014,3404.10413572376,34660720.5081581,210893351.616606,8592.0
113.7,59.0,9420.5606867912,732.823296180357,0.0777897749979857,753.602088159759,357.199084713159,197.789007639078,250625.567293682,3221831.75488259,904.0
114.9,113.2,8971.86585763489,1396.96854951985,0.155705465472498,1440.71274470316,360.968995897467,425.097529618891,477763.24393579,3068378.12331113,1631.0
114.9,130.8,8971.86585763489,1396.96854951985,0.155705465472498,1598.61758379754,360.968995897467,425.097529618891,477763.24393579,3068378.12331113,1748.0
107.9,113.2,6630.27977328174,2513.64765823835,0.379116378824266,1383.48415067991,338.977847322339,632.936480344416,859667.499117515,2267555.68246236,1482.0
107.9,130.8,6624.50803925856,2519.41939226152,0.380317961323435,1500.87545450647,338.977847322339,634.389802971452,861641.432153441,2265581.74942643,1613.0
168.3,93.74,20790.5025487612,1455.81403567351,0.0700230325004937,2411.55940945792,528.730043599162,462.65770053704,436744.210702052,6237150.76462837,2375.7
159.0,33.39,18385.3856069709,1470.26536188002,0.0799692425990003,1108.30886130977,499.513231920777,494.420835893014,441079.608564006,5515615.68209126,1185.7
120.0,41.44,10386.8907109313,922.842841992002,0.0888468809073724,841.577694025268,376.991118430775,411.144942964277,276852.852597601,3116067.21327938,879.2
101.6,93.51,7178.0365586281,929.283106931861,0.129462019222353,1066.19139753656,319.185813604723,394.973198939249,278784.932079558,2153410.96758843,1075.5
200.0,38.0,27759.1126871194,3656.81384877852,0.131733816206428,2704.06932790965,628.318530717959,1649.22304579911,2541485.62490107,19292583.317548,3503.0
200.0,38.0,27759.1126871194,3656.81384877852,0.131733816206428,2704.06932790965,628.318530717959,1649.22304579911,2541485.62490107,19292583.317548,3519.0
200.0,80.5,27759.1126871194,3656.81384877852,0.131733816206428,3883.83161711223,628.318530717959,1649.22304579911,2541485.62490107,19292583.317548,4463.0
200.0,80.5,27759.1126871194,3656.81384877852,0.131733816206428,3883.83161711223,628.318530717959,1649.22304579911,2541485.62490107,19292583.317548,4423.0
153.0,73.2,17652.6141470693,732.771459901578,0.0415106484397516,1544.97750923152,480.663675999238,252.806153666044,224228.066729883,5401699.9290032,1823.0
153.0,73.2,17652.6141470693,732.771459901578,0.0415106484397516,1544.97750923152,480.663675999238,252.806153666044,224228.066729883,5401699.9290032,1842.0
153.0,73.2,17652.6141470693,732.771459901578,0.0415106484397516,1544.97750923152,480.663675999238,252.806153666044,224228.066729883,5401699.9290032,1872.0
250.0,73.2,47158.9198185715,1928.46539376904,0.0408929085141937,4080.71264908814,785.398163397448,628.679718368706,964232.696884519,23579459.9092857,4871.0
250.0,73.2,47158.9198185715,1928.46539376904,0.0408929085141937,4080.71264908814,785.398163397448,628.679718368706,964232.696884519,23579459.9092857,4528.0
250.0,73.2,47158.9198185715,1928.46539376904,0.0408929085141937,4080.71264908814,785.398163397448,628.679718368706,964232.696884519,23579459.9092857,4733.0
157.0,73.2,18155.3908654386,1203.88846414509,0.0663102476321157,1721.4422506614,493.230046613597,392.467639311298,378020.977741557,5700792.73174773,2117.0
157.0,73.2,18155.3908654386,1203.88846414509,0.0663102476321157,1721.4422506614,493.230046613597,392.467639311298,378020.977741557,5700792.73174773,2058.0
157.0,73.2,18155.3908654386,1203.88846414509,0.0663102476321157,1721.4422506614,493.230046613597,392.467639311298,378020.977741557,5700792.73174773,2068.0
235.0,73.2,39295.6239906976,4077.98958292644,0.103777193712252,4059.05665516774,738.274273593601,1182.61697904867,1916655.10397543,18468943.2756279,5390.0
235.0,73.2,39295.6239906976,4077.98958292644,0.103777193712252,4059.05665516774,738.274273593601,1182.61697904867,1916655.10397543,18468943.2756279,5047.0
235.0,73.2,39295.6239906976,4077.98958292644,0.103777193712252,4059.05665516774,738.274273593601,1182.61697904867,1916655.10397543,18468943.2756279,5096.0
393.0,73.2,109999.393420609,11304.5675179637,0.102769362324917,11578.9806639932,1234.64591286079,3527.02506560467,8885390.06911945,86459523.2285985,13936.0
393.0,73.2,109999.393420609,11304.5675179637,0.102769362324917,11578.9806639932,1234.64591286079,3527.02506560467,8885390.06911945,86459523.2285985,14406.0
393.0,73.2,109999.393420609,11304.5675179637,0.102769362324917,11578.9806639932,1234.64591286079,3527.02506560467,8885390.06911945,86459523.2285985,14161.0
477.0,73.2,162082.869051107,16617.9896685514,0.102527736372383,17016.0428117919,1498.53969576233,5151.57679725093,15853562.143798,154627057.074756,20237.0
477.0,73.2,162082.869051107,16617.9896685514,0.102527736372383,17016.0428117919,1498.53969576233,5151.57679725093,15853562.143798,154627057.074756,20462.0
477.0,73.2,162082.869051107,16617.9896685514,0.102527736372383,17016.0428117919,1498.53969576233,5151.57679725093,15853562.143798,154627057.074756,19854.0
44.45,33.559536,1382.14565144224,169.646003293849,0.122741046225358,88.7956675702814,139.643793452066,42.4115008234622,118752.202305694,967501.956009567,45.2
44.45,41.335638,1382.14565144224,169.646003293849,0.122741046225358,99.5433731347527,139.643793452066,42.4115008234622,118752.202305694,967501.956009567,68.6
44.45,41.335638,1336.40406240597,215.387592330116,0.161169513314968,109.088012627872,139.643793452066,53.8468980825291,150771.314631081,935482.843684179,86.5
44.45,41.335638,1285.07043844631,266.721216289773,0.207553771614455,119.799510520561,139.643793452066,66.6803040724433,186704.851402841,899549.306912419,104.8
44.45,48.860898,1382.14565144224,169.646003293849,0.122741046225358,109.944378519725,139.643793452066,42.4115008234622,118752.202305694,967501.956009567,85.4
44.45,48.860898,1336.40406240597,215.387592330116,0.161169513314968,119.144800662533,139.643793452066,53.8468980825291,150771.314631081,935482.843684179,101.0
44.45,48.860898,1285.07043844631,266.721216289773,0.207553771614455,129.469999688184,139.643793452066,66.6803040724433,186704.851402841,899549.306912419,124.0
57.15,33.559536,2345.6878262615,219.518786669587,0.0935839732004966,133.599891717581,179.542020152657,54.8796966673967,153663.150668711,1641981.47838305,119.8
57.15,33.559536,2285.98185788002,279.224755051061,0.1221465315171,146.522679217637,179.542020152657,69.8061887627654,195457.328535743,1600187.30051601,135.0
57.15,41.335638,2345.6878262615,219.518786669587,0.0935839732004966,151.840199514749,179.542020152657,54.8796966673967,153663.150668711,1641981.47838305,151.6
57.15,41.335638,2285.98185788002,279.224755051061,0.1221465315171,164.298707314661,179.542020152657,69.8061887627654,195457.328535743,1600187.30051601,173.1
57.15,41.335638,2218.68894324013,346.517669690955,0.156181275769513,178.340340415115,179.542020152657,86.6294174227387,242562.368783668,1553082.26026809,188.3
57.15,48.860898,2345.6878262615,219.518786669587,0.0935839732004966,169.492110286201,179.542020152657,54.8796966673967,153663.150668711,1641981.47838305,162.0
57.15,48.860898,2285.98185788002,279.224755051061,0.1221465315171,181.501315150492,179.542020152657,69.8061887627654,195457.328535743,1600187.30051601,181.7
57.15,48.860898,2218.68894324013,346.517669690955,0.156181275769513,195.036551572122,179.542020152657,86.6294174227387,242562.368783668,1553082.26026809,206.1
63.5,33.559536,2922.4665660019,244.455178357456,0.0836468691212039,159.190416519901,199.491133502952,61.1137945893639,171118.624850219,2045726.59620133,150.5
63.5,33.559536,2855.77840794783,311.143336411533,0.108952198652949,173.624432392431,199.491133502952,77.7858341028833,217800.335488073,1999044.88556348,185.6
63.5,33.559536,2780.50584796782,386.415896391544,0.138973236353365,189.916460200973,199.491133502952,96.6039740978861,270491.127474081,1946354.09357747,202.3
63.5,41.335638,2922.4665660019,244.455178357456,0.0836468691212039,181.915814628722,199.491133502952,61.1137945893639,171118.624850219,2045726.59620133,169.3
63.5,41.335638,2855.77840794783,311.143336411533,0.108952198652949,195.831256582031,199.491133502952,77.7858341028833,217800.335488073,1999044.88556348,210.5
63.5,41.335638,2780.50584796782,386.415896391544,0.138973236353365,211.537957286367,199.491133502952,96.6039740978861,270491.127474081,1946354.09357747,231.3
63.5,48.860898,2922.4665660019,244.455178357456,0.0836468691212039,203.908135379193,199.491133502952,61.1137945893639,171118.624850219,2045726.59620133,181.2
63.5,48.860898,2855.77840794783,311.143336411533,0.108952198652949,217.321731604224,199.491133502952,77.7858341028833,217800.335488073,1999044.88556348,226.7
63.5,48.860898,2780.50584796782,386.415896391544,0.138973236353365,232.461986723845,199.491133502952,96.6039740978861,270491.127474081,1946354.09357747,240.6
44.45,33.559536,1382.14565144224,169.646003293849,0.122741046225358,88.7956675702814,139.643793452066,42.4115008234622,83126.5416139859,677251.369206697,82.0
44.45,41.335638,1382.14565144224,169.646003293849,0.122741046225358,99.5433731347527,139.643793452066,42.4115008234622,83126.5416139859,677251.369206697,94.0
44.45,41.335638,1336.40406240597,215.387592330116,0.161169513314968,109.088012627872,139.643793452066,53.8468980825291,105539.920241757,654837.990578926,117.1
44.45,41.335638,1285.07043844631,266.721216289773,0.207553771614455,119.799510520561,139.643793452066,66.6803040724433,130693.395981989,629684.514838694,138.0
44.45,48.860898,1382.14565144224,169.646003293849,0.122741046225358,109.944378519725,139.643793452066,42.4115008234622,83126.5416139859,677251.369206697,109.9
44.45,48.860898,1336.40406240597,215.387592330116,0.161169513314968,119.144800662533,139.643793452066,53.8468980825291,105539.920241757,654837.990578926,130.0
44.45,48.860898,1285.07043844631,266.721216289773,0.207553771614455,129.469999688184,139.643793452066,66.6803040724433,130693.395981989,629684.514838694,145.3
57.15,33.559536,2345.6878262615,219.518786669587,0.0935839732004966,133.599891717581,179.542020152657,54.8796966673967,107564.205468098,1149387.03486813,163.0
57.15,33.559536,2285.98185788002,279.224755051061,0.1221465315171,146.522679217637,179.542020152657,69.8061887627654,136820.12997502,1120131.11036121,181.6
57.15,41.335638,2345.6878262615,219.518786669587,0.0935839732004966,151.840199514749,179.542020152657,54.8796966673967,107564.205468098,1149387.03486813,176.5
57.15,41.335638,2285.98185788002,279.224755051061,0.1221465315171,164.298707314661,179.542020152657,69.8061887627654,136820.12997502,1120131.11036121,192.1
57.15,41.335638,2218.68894324013,346.517669690955,0.156181275769513,178.340340415115,179.542020152657,86.6294174227387,169793.658148568,1087157.58218766,221.9
57.15,48.860898,2345.6878262615,219.518786669587,0.0935839732004966,169.492110286201,179.542020152657,54.8796966673967,107564.205468098,1149387.03486813,187.2
57.15,48.860898,2285.98185788002,279.224755051061,0.1221465315171,181.501315150492,179.542020152657,69.8061887627654,136820.12997502,1120131.11036121,201.5
57.15,48.860898,2218.68894324013,346.517669690955,0.156181275769513,195.036551572122,179.542020152657,86.6294174227387,169793.658148568,1087157.58218766,231.3
63.5,33.559536,2922.4665660019,244.455178357456,0.0836468691212039,159.190416519901,199.491133502952,61.1137945893639,119783.037395153,1432008.61734093,191.3
63.5,33.559536,2855.77840794783,311.143336411533,0.108952198652949,173.624432392431,199.491133502952,77.7858341028833,152460.234841651,1399331.41989444,226.3
63.5,33.559536,2780.50584796782,386.415896391544,0.138973236353365,189.916460200973,199.491133502952,96.6039740978861,189343.789231857,1362447.86550423,243.6
63.5,41.335638,2922.4665660019,244.455178357456,0.0836468691212039,181.915814628722,199.491133502952,61.1137945893639,119783.037395153,1432008.61734093,208.0
63.5,41.335638,2855.77840794783,311.143336411533,0.108952198652949,195.831256582031,199.491133502952,77.7858341028833,152460.234841651,1399331.41989444,240.8
63.5,41.335638,2780.50584796782,386.415896391544,0.138973236353365,211.537957286367,199.491133502952,96.6039740978861,189343.789231857,1362447.86550423,269.0
63.5,48.860898,2922.4665660019,244.455178357456,0.0836468691212039,203.908135379193,199.491133502952,61.1137945893639,119783.037395153,1432008.61734093,239.1
63.5,48.860898,2855.77840794783,311.143336411533,0.108952198652949,217.321731604224,199.491133502952,77.7858341028833,152460.234841651,1399331.41989444,262.0
63.5,48.860898,2780.50584796782,386.415896391544,0.138973236353365,232.461986723845,199.491133502952,96.6039740978861,189343.789231857,1362447.86550423,280.2
44.45,33.559536,1382.14565144224,169.646003293849,0.122741046225358,88.7956675702814,139.643793452066,42.4115008234622,59376.101152847,483750.978004783,83.83
44.45,41.335638,1382.14565144224,169.646003293849,0.122741046225358,99.5433731347527,139.643793452066,42.4115008234622,59376.101152847,483750.978004783,95.19
44.45,41.335638,1336.40406240597,215.387592330116,0.161169513314968,109.088012627872,139.643793452066,53.8468980825291,75385.6573155407,467741.42184209,104.45
44.45,41.335638,1285.07043844631,266.721216289773,0.207553771614455,119.799510520561,139.643793452066,66.6803040724433,93352.4257014207,449774.65345621,114.77
44.45,48.860898,1382.14565144224,169.646003293849,0.122741046225358,109.944378519725,139.643793452066,42.4115008234622,59376.101152847,483750.978004783,106.52
44.45,48.860898,1336.40406240597,215.387592330116,0.161169513314968,119.144800662533,139.643793452066,53.8468980825291,75385.6573155407,467741.42184209,115.38
44.45,48.860898,1285.07043844631,266.721216289773,0.207553771614455,129.469999688184,139.643793452066,66.6803040724433,93352.4257014207,449774.65345621,125.27
57.15,33.559536,2345.6878262615,219.518786669587,0.0935839732004966,133.599891717581,179.542020152657,54.8796966673967,76831.5753343554,820990.739191523,126.4
57.15,33.559536,2285.98185788002,279.224755051061,0.1221465315171,146.522679217637,179.542020152657,69.8061887627654,97728.6642678715,800093.650258007,139.22
57.15,41.335638,2345.6878262615,219.518786669587,0.0935839732004966,151.840199514749,179.542020152657,54.8796966673967,76831.5753343554,820990.739191523,145.86
57.15,41.335638,2285.98185788002,279.224755051061,0.1221465315171,164.298707314661,179.542020152657,69.8061887627654,97728.6642678715,800093.650258007,158.17
57.15,41.335638,2218.68894324013,346.517669690955,0.156181275769513,178.340340415115,179.542020152657,86.6294174227387,121281.184391834,776541.130134045,172.0
57.15,48.860898,2345.6878262615,219.518786669587,0.0935839732004966,169.492110286201,179.542020152657,54.8796966673967,76831.5753343554,820990.739191523,165.26
57.15,48.860898,2285.98185788002,279.224755051061,0.1221465315171,181.501315150492,179.542020152657,69.8061887627654,97728.6642678715,800093.650258007,177.06
57.15,48.860898,2218.68894324013,346.517669690955,0.156181275769513,195.036551572122,179.542020152657,86.6294174227387,121281.184391834,776541.130134045,190.33
63.5,33.559536,2922.4665660019,244.455178357456,0.0836468691212039,159.190416519901,199.491133502952,61.1137945893639,85559.3124251095,1022863.29810067,150.42
63.5,33.559536,2855.77840794783,311.143336411533,0.108952198652949,173.624432392431,199.491133502952,77.7858341028833,108900.167744037,999522.44278174,164.95
63.5,33.559536,2780.50584796782,386.415896391544,0.138973236353365,189.916460200973,199.491133502952,96.6039740978861,135245.563737041,973177.046788736,181.34
63.5,41.335638,2922.4665660019,244.455178357456,0.0836468691212039,181.915814628722,199.491133502952,61.1137945893639,85559.3124251095,1022863.29810067,174.69
63.5,41.335638,2855.77840794783,311.143336411533,0.108952198652949,195.831256582031,199.491133502952,77.7858341028833,108900.167744037,999522.44278174,188.69
63.5,41.335638,2780.50584796782,386.415896391544,0.138973236353365,211.537957286367,199.491133502952,96.6039740978861,135245.563737041,973177.046788736,204.46
63.5,48.860898,2922.4665660019,244.455178357456,0.0836468691212039,203.908135379193,199.491133502952,61.1137945893639,85559.3124251095,1022863.29810067,198.88
63.5,48.860898,2855.77840794783,311.143336411533,0.108952198652949,217.321731604224,199.491133502952,77.7858341028833,108900.167744037,999522.44278174,212.35
63.5,48.860898,2780.50584796782,386.415896391544,0.138973236353365,232.461986723845,199.491133502952,96.6039740978861,135245.563737041,973177.046788736,227.53
140.0,37.44,13478.2178820636,1915.58612052638,0.142124584814405,1221.43680380543,439.822971502571,716.81232630097,804546.170621078,5660851.51046672,1406.4
140.0,37.44,13478.2178820636,1915.58612052638,0.142124584814405,1221.43680380543,439.822971502571,716.81232630097,804546.170621078,5660851.51046672,1405.0
140.0,49.92,13478.2178820636,1915.58612052638,0.142124584814405,1389.64496297359,439.822971502571,716.81232630097,804546.170621078,5660851.51046672,1524.3
140.0,49.92,13478.2178820636,1915.58612052638,0.142124584814405,1389.64496297359,439.822971502571,716.81232630097,804546.170621078,5660851.51046672,1530.4
140.0,37.44,13478.2178820636,1915.58612052638,0.142124584814405,1391.34929269612,439.822971502571,886.72481519166,804546.170621078,5660851.51046672,1763.9
140.0,37.44,13478.2178820636,1915.58612052638,0.142124584814405,1391.34929269612,439.822971502571,886.72481519166,804546.170621078,5660851.51046672,1753.8
140.0,49.92,13478.2178820636,1915.58612052638,0.142124584814405,1559.55745186428,439.822971502571,886.72481519166,804546.170621078,5660851.51046672,1865.2
140.0,49.92,13478.2178820636,1915.58612052638,0.142124584814405,1559.55745186428,439.822971502571,886.72481519166,804546.170621078,5660851.51046672,1871.6
216.3,39.36,33751.1430411459,2994.25195813642,0.0887155719285163,2442.00729333044,679.526490971472,1113.56230323094,1942970.09563473,21901116.7193996,2740.4
216.3,39.36,33751.1430411459,2994.25195813642,0.0887155719285163,2442.00729333044,679.526490971472,1113.56230323094,1942970.09563473,21901116.7193996,2751.2
60.0,71.5496,2485.93252784838,341.500860382437,0.137373342420525,274.170720622387,188.495559215388,96.3032426278472,61470.1548688386,447467.855012708,312.0
60.0,71.5496,2485.93252784838,341.500860382437,0.137373342420525,274.170720622387,188.495559215388,96.3032426278472,61470.1548688386,447467.855012708,320.0
100.0,71.5496,7277.48964310353,576.491990870953,0.0792157762006934,683.272214393809,314.159265358979,162.570741425609,172947.597261286,2183246.89293106,822.0
100.0,71.5496,7277.48964310353,576.491990870953,0.0792157762006934,683.272214393809,314.159265358979,162.570741425609,172947.597261286,2183246.89293106,845.0
150.0,71.5496,16801.227772461,870.230903981603,0.0517956732547847,1447.52624155129,471.238898038469,245.405114922812,391603.906791721,7560552.49760744,1701.0
150.0,71.5496,16801.227772461,870.230903981603,0.0517956732547847,1447.52624155129,471.238898038469,245.405114922812,391603.906791721,7560552.49760744,1670.0
200.0,71.5496,30251.9567188057,1163.96981709225,0.0384758522535068,2492.75489086787,628.318530717959,328.239488420014,698381.89025535,18151174.0312834,2783.0
200.0,71.5496,30251.9567188057,1163.96981709225,0.0384758522535068,2492.75489086787,628.318530717959,328.239488420014,698381.89025535,18151174.0312834,2824.0
250.0,71.5496,47629.6764821376,1457.7087302029,0.0306050520991797,3818.95816234357,785.398163397448,411.073861917217,1093281.54765217,35722257.3616032,3950.0
250.0,71.5496,47629.6764821376,1457.7087302029,0.0306050520991797,3818.95816234357,785.398163397448,411.073861917217,1093281.54765217,35722257.3616032,4102.0
60.0,71.5496,2463.0086404144,364.424747816416,0.147959183673469,323.454881136026,188.495559215388,147.227598117832,65596.4546069549,443341.555274592,427.0
60.0,71.5496,2463.0086404144,364.424747816416,0.147959183673469,323.454881136026,188.495559215388,147.227598117832,65596.4546069549,443341.555274592,415.0
100.0,71.5496,7238.22947387088,615.7521601036,0.0850694444444445,766.656296245527,314.159265358979,248.763872681854,184725.64803108,2171468.84216127,930.0
100.0,71.5496,7238.22947387088,615.7521601036,0.0850694444444445,766.656296245527,314.159265358979,248.763872681854,184725.64803108,2171468.84216127,920.0
150.0,71.5496,16741.54725098,929.911425462578,0.055545130418465,1573.5352250756,471.238898038469,375.684215886882,418460.14145816,7533696.262941,1870.0
150.0,71.5496,16741.54725098,929.911425462578,0.055545130418465,1573.5352250756,471.238898038469,375.684215886882,418460.14145816,7533696.262941,1743.0
200.0,71.5496,30171.8558450764,1244.07069082156,0.0412328196584756,2661.38877606479,628.318530717959,502.604559091909,746442.414492935,18103113.5070458,3020.0
200.0,71.5496,30171.8558450764,1244.07069082156,0.0412328196584756,2661.38877606479,628.318530717959,502.604559091909,746442.414492935,18103113.5070458,3011.0
250.0,71.5496,47529.15525616,1558.22995618053,0.0327847180910833,4030.21694921308,785.398163397448,629.524902296936,1168672.4671354,35646866.44212,4442.0
250.0,71.5496,47529.15525616,1558.22995618053,0.0327847180910833,4030.21694921308,785.398163397448,629.524902296936,1168672.4671354,35646866.44212,4550.0
60.0,75.6872,2463.0086404144,364.424747816416,0.147959183673469,333.645825686605,188.495559215388,147.227598117832,65596.4546069549,443341.555274592,432.0
60.0,75.6872,2463.0086404144,364.424747816416,0.147959183673469,333.645825686605,188.495559215388,147.227598117832,65596.4546069549,443341.555274592,437.0
150.0,75.6872,16741.54725098,929.911425462578,0.055545130418465,1642.80505098126,471.238898038469,375.684215886882,418460.14145816,7533696.262941,1980.0
150.0,75.6872,16741.54725098,929.911425462578,0.055545130418465,1642.80505098126,471.238898038469,375.684215886882,418460.14145816,7533696.262941,1910.0
250.0,75.6872,47529.15525616,1558.22995618053,0.0327847180910833,4226.87358200097,785.398163397448,629.524902296936,1168672.4671354,35646866.44212,4720.0
250.0,75.6872,47529.15525616,1558.22995618053,0.0327847180910833,4226.87358200097,785.398163397448,629.524902296936,1168672.4671354,35646866.44212,4800.0
151.0,24.384,16422.0158621834,1485.84766144183,0.0904790053737214,794.184065065564,474.380490692059,393.749630282085,921225.550093934,10181649.8345537,1129.0
150.0,24.384,16195.6641114922,1475.79456495034,0.0911228187242497,786.000633406468,471.238898038469,391.085559711841,914992.630269213,10041311.7491252,1123.0
199.0,24.384,29134.1563756691,1968.39629303322,0.0675631814304771,1232.03228671812,625.176938064369,521.625017653804,1643610.90468274,24327020.5736837,1535.0
198.0,24.384,28832.4064012918,1958.34319654173,0.0679216007601083,1222.01034477266,622.035345410779,518.960947083559,1635216.56911235,24075059.3450787,1560.0
251.0,24.384,46989.7123816121,2491.15731059056,0.0530149512378245,1805.95383401973,788.539756051038,660.156687306499,2615715.17612009,49339198.0006927,2033.0
300.0,24.384,67702.0756670969,2983.75903867344,0.0440718989672504,2441.54355831495,942.477796076938,790.696145248461,3729698.7983418,84627594.5838711,2012.0
350.0,24.384,92724.8611529396,3486.4138632478,0.0375995587364357,3184.90268811395,1099.55742875643,923.899673760667,5118055.55124777,136120096.172515,3000.0
401.0,24.384,122293.688288159,3999.12178431365,0.0327009663400662,4041.7765680616,1259.77865408951,1059.76727284312,6718524.59764694,205453396.324108,3680.0
450.0,24.384,154551.404575587,4491.72351239651,0.0290629743853265,4958.88817995618,1413.71669411541,1190.30673078507,8480373.99140461,291793051.838708,4540.0
129.0,44.3966,11882.28881404,1187.52202305694,0.0999405116002379,890.914962616832,405.265452313083,363.381739055424,459571.022923036,4598445.77103348,1068.0
129.0,45.7758,11882.28881404,1187.52202305694,0.0999405116002379,907.303015349156,405.265452313083,363.381739055424,459571.022923036,4598445.77103348,1093.0
129.0,46.6378,11882.28881404,1187.52202305694,0.0999405116002379,917.545548306859,405.265452313083,363.381739055424,459571.022923036,4598445.77103348,1118.0
129.0,48.7928,11882.28881404,1187.52202305694,0.0999405116002379,943.151880701115,405.265452313083,363.381739055424,459571.022923036,4598445.77103348,1162.0
131.0,44.3966,11882.28881404,1595.92906802361,0.134311587018309,1015.88751837663,411.548637620263,488.354294815226,627200.12373328,4669739.50391772,1280.0
131.0,45.7758,11882.28881404,1595.92906802361,0.134311587018309,1032.27557110896,411.548637620263,488.354294815226,627200.12373328,4669739.50391772,1360.0
131.0,46.6378,11882.28881404,1595.92906802361,0.134311587018309,1042.51810406666,411.548637620263,488.354294815226,627200.12373328,4669739.50391772,1403.0
131.0,48.7928,11882.28881404,1595.92906802361,0.134311587018309,1068.12443646092,411.548637620263,488.354294815226,627200.12373328,4669739.50391772,1459.0
133.0,44.3966,11882.28881404,2010.61929829747,0.169211448212043,1142.78272884043,417.831822927442,615.249505279025,802237.100020689,4741033.23680196,1454.0
133.0,45.7758,11882.28881404,2010.61929829747,0.169211448212043,1159.17078157276,417.831822927442,615.249505279025,802237.100020689,4741033.23680196,1470.0
133.0,46.6378,11882.28881404,2010.61929829747,0.169211448212043,1169.41331453046,417.831822927442,615.249505279025,802237.100020689,4741033.23680196,1518.0
133.0,48.7928,11882.28881404,2010.61929829747,0.169211448212043,1195.01964692472,417.831822927442,615.249505279025,802237.100020689,4741033.23680196,1569.0
129.0,50.603,11882.28881404,1187.52202305694,0.0999405116002379,964.66119991229,405.265452313083,363.381739055424,459571.022923036,4598445.77103348,1095.0
129.0,51.896,11882.28881404,1187.52202305694,0.0999405116002379,980.024999348843,405.265452313083,363.381739055424,459571.022923036,4598445.77103348,1128.0
129.0,53.2752,11882.28881404,1187.52202305694,0.0999405116002379,996.413052081168,405.265452313083,363.381739055424,459571.022923036,4598445.77103348,1147.0
129.0,55.1716,11882.28881404,1187.52202305694,0.0999405116002379,1018.94662458811,405.265452313083,363.381739055424,459571.022923036,4598445.77103348,1192.0
131.0,50.603,11882.28881404,1595.92906802361,0.134311587018309,1089.63375567209,411.548637620263,488.354294815226,627200.12373328,4669739.50391772,1320.0
131.0,51.896,11882.28881404,1595.92906802361,0.134311587018309,1104.99755510865,411.548637620263,488.354294815226,627200.12373328,4669739.50391772,1389.0
131.0,53.2752,11882.28881404,1595.92906802361,0.134311587018309,1121.38560784097,411.548637620263,488.354294815226,627200.12373328,4669739.50391772,1430.0
131.0,55.1716,11882.28881404,1595.92906802361,0.134311587018309,1143.91918034791,411.548637620263,488.354294815226,627200.12373328,4669739.50391772,1452.0
133.0,50.603,11882.28881404,2010.61929829747,0.169211448212043,1216.52896613589,417.831822927442,615.249505279025,802237.100020689,4741033.23680196,1548.0
133.0,51.896,11882.28881404,2010.61929829747,0.169211448212043,1231.89276557244,417.831822927442,615.249505279025,802237.100020689,4741033.23680196,1581.0
133.0,53.2752,11882.28881404,2010.61929829747,0.169211448212043,1248.28081830477,417.831822927442,615.249505279025,802237.100020689,4741033.23680196,1609.0
133.0,55.1716,11882.28881404,2010.61929829747,0.169211448212043,1270.81439081171,417.831822927442,615.249505279025,802237.100020689,4741033.23680196,1661.0
129.0,58.1886,11882.28881404,1187.52202305694,0.0999405116002379,1054.79548994007,405.265452313083,363.381739055424,459571.022923036,4598445.77103348,1266.0
129.0,59.8264,11882.28881404,1187.52202305694,0.0999405116002379,1074.25630255971,405.265452313083,363.381739055424,459571.022923036,4598445.77103348,1287.0
129.0,62.4124,11882.28881404,1187.52202305694,0.0999405116002379,1104.98390143281,405.265452313083,363.381739055424,459571.022923036,4598445.77103348,1301.0
129.0,63.964,11882.28881404,1187.52202305694,0.0999405116002379,1123.42046075668,405.265452313083,363.381739055424,459571.022923036,4598445.77103348,1356.0
131.0,58.1886,11882.28881404,1595.92906802361,0.134311587018309,1179.76804569987,411.548637620263,488.354294815226,627200.12373328,4669739.50391772,1469.0
131.0,59.8264,11882.28881404,1595.92906802361,0.134311587018309,1199.22885831951,411.548637620263,488.354294815226,627200.12373328,4669739.50391772,1482.0
131.0,62.4124,11882.28881404,1595.92906802361,0.134311587018309,1229.95645719262,411.548637620263,488.354294815226,627200.12373328,4669739.50391772,1496.0
131.0,63.964,11882.28881404,1595.92906802361,0.134311587018309,1248.39301651648,411.548637620263,488.354294815226,627200.12373328,4669739.50391772,1542.0
133.0,58.1886,11882.28881404,2010.61929829747,0.169211448212043,1306.66325616367,417.831822927442,615.249505279025,802237.100020689,4741033.23680196,1659.0
133.0,59.8264,11882.28881404,2010.61929829747,0.169211448212043,1326.12406878331,417.831822927442,615.249505279025,802237.100020689,4741033.23680196,1673.0
133.0,62.4124,11882.28881404,2010.61929829747,0.169211448212043,1356.85166765641,417.831822927442,615.249505279025,802237.100020689,4741033.23680196,1712.0
133.0,63.964,11882.28881404,2010.61929829747,0.169211448212043,1375.28822698028,417.831822927442,615.249505279025,802237.100020689,4741033.23680196,1774.0
108.0,83.0142,8011.84666481737,1149.03751305047,0.143417312028232,1148.2673156402,339.292006587698,483.170274237721,372288.154228351,2595838.31940083,1640.0
108.0,83.0142,7389.81131940659,1771.07285846125,0.239664151344457,1291.95728690799,339.292006587698,678.498012076503,573827.606141443,2394298.86748774,1809.0
108.0,83.0142,6647.610054996,2513.27412287183,0.378071833648393,1434.00524775546,339.292006587698,882.159217128014,814300.815810474,2153825.6578187,1902.0
108.0,83.0142,6082.12337734984,3078.760800518,0.506198347107438,1632.34481162169,339.292006587698,1127.44220514969,997518.499367831,1970607.97426135,2185.0
108.0,83.0142,5541.76944093239,3619.11473693544,0.653061224489796,2016.26489360569,339.292006587698,1556.21933688224,1172593.17476708,1795533.2988621,2751.0
108.0,81.9798,6647.610054996,2513.27412287183,0.378071833648393,1427.12895991458,339.292006587698,882.159217128014,814300.815810474,2153825.6578187,1906.0
108.0,98.9612,6647.610054996,2513.27412287183,0.378071833648393,1540.01468530248,339.292006587698,882.159217128014,814300.815810474,2153825.6578187,1967.0
108.0,82.066,6647.610054996,2513.27412287183,0.378071833648393,1427.70198390132,339.292006587698,882.159217128014,814300.815810474,2153825.6578187,1893.0
108.0,81.8936,6647.610054996,2513.27412287183,0.378071833648393,1426.55593592783,339.292006587698,882.159217128014,814300.815810474,2153825.6578187,1896.0
108.0,91.8928,8011.84666481737,1149.03751305047,0.143417312028232,1219.40129743845,339.292006587698,483.170274237721,372288.154228351,2595838.31940083,1720.0
108.0,91.8928,7389.81131940659,1771.07285846125,0.239664151344457,1357.56846568847,339.292006587698,678.498012076503,573827.606141443,2394298.86748774,1907.0
108.0,91.8928,6647.610054996,2513.27412287183,0.378071833648393,1493.02671838975,339.292006587698,882.159217128014,814300.815810474,2153825.6578187,2037.0
108.0,91.8928,6082.12337734984,3078.760800518,0.506198347107438,1686.34555223982,339.292006587698,1127.44220514969,997518.499367831,1970607.97426135,2266.0
108.0,85.4278,7389.81131940659,1771.07285846125,0.239664151344457,1309.79333550851,339.292006587698,678.498012076503,573827.606141443,2394298.86748774,1849.0
108.0,88.6172,7389.81131940659,1771.07285846125,0.239664151344457,1333.36239973062,339.292006587698,678.498012076503,573827.606141443,2394298.86748774,1906.0
108.0,96.72,7389.81131940659,1771.07285846125,0.239664151344457,1393.24056288951,339.292006587698,678.498012076503,573827.606141443,2394298.86748774,1908.0
108.0,91.2032,7389.81131940659,1771.07285846125,0.239664151344457,1352.47245180261,339.292006587698,678.498012076503,573827.606141443,2394298.86748774,1905.0
108.0,108.357,7389.81131940659,1771.07285846125,0.239664151344457,1479.23579721344,339.292006587698,678.498012076503,573827.606141443,2394298.86748774,2021.0
108.0,94.4788,7389.81131940659,1771.07285846125,0.239664151344457,1376.67851776045,339.292006587698,678.498012076503,573827.606141443,2394298.86748774,1951.0
108.0,91.8066,7389.81131940659,1771.07285846125,0.239664151344457,1356.93146395274,339.292006587698,678.498012076503,573827.606141443,2394298.86748774,1925.0
108.0,98.7888,7389.81131940659,1771.07285846125,0.239664151344457,1408.5286045471,339.292006587698,678.498012076503,573827.606141443,2394298.86748774,1944.0
108.0,75.9458,5541.76944093239,3619.11473693544,0.653061224489796,1977.0934504894,339.292006587698,1556.21933688224,1172593.17476708,1795533.2988621,2713.0
108.0,86.9794,6082.12337734984,3078.760800518,0.506198347107438,1656.46164723755,339.292006587698,1127.44220514969,997518.499367831,1970607.97426135,2208.0
108.0,95.5994,6082.12337734984,3078.760800518,0.506198347107438,1708.88955075031,339.292006587698,1127.44220514969,997518.499367831,1970607.97426135,2331.0
108.0,80.773,6082.12337734984,3078.760800518,0.506198347107438,1618.71355670837,339.292006587698,1127.44220514969,997518.499367831,1970607.97426135,2273.0
108.0,81.9798,6082.12337734984,3078.760800518,0.506198347107438,1626.05346320015,339.292006587698,1127.44220514969,997518.499367831,1970607.97426135,2186.0
114.9,125.568,8971.86585763489,1396.96854951985,0.155705465472498,1551.67678163039,360.968995897467,425.097529618891,477763.24393579,3068378.12331113,1748.0
107.9,108.672,6630.27977328174,2513.64765823835,0.379116378824266,1353.46224386649,338.977847322339,632.936480344416,859667.499117515,2267555.68246236,1482.0
107.9,125.568,6624.50803925856,2519.41939226152,0.380317961323435,1466.21602844507,338.977847322339,634.389802971452,861641.432153441,2265581.74942643,1613.0
114.3,166.56,8123.28681022183,2137.5396415025,0.263137285613595,2267.88161767362,359.084040305313,914.866966563068,448883.324715524,1705890.23014659,2866.0
114.3,166.56,8123.28681022183,2137.5396415025,0.263137285613595,2267.88161767362,359.084040305313,914.866966563068,448883.324715524,1705890.23014659,2595.0
114.3,166.56,9008.83894741572,1251.98750430861,0.138973236353365,2005.06317931793,359.084040305313,504.550964236369,312996.876077152,2252209.73685393,2422.0
114.3,166.56,9008.83894741572,1251.98750430861,0.138973236353365,2005.06317931793,359.084040305313,504.550964236369,312996.876077152,2252209.73685393,2340.0
114.3,176.832,9008.83894741572,1251.98750430861,0.138973236353365,2097.60197298579,359.084040305313,504.550964236369,312996.876077152,2252209.73685393,2497.0
114.3,176.832,9008.83894741572,1251.98750430861,0.138973236353365,2097.60197298579,359.084040305313,504.550964236369,312996.876077152,2252209.73685393,2314.0
114.3,166.56,8123.28681022183,2137.5396415025,0.263137285613595,2267.88161767362,359.084040305313,914.866966563068,534384.910375624,2030821.70255546,2610.0
114.3,166.56,8123.28681022183,2137.5396415025,0.263137285613595,2267.88161767362,359.084040305313,914.866966563068,534384.910375624,2030821.70255546,2633.0
219.1,49.536,34339.8146725756,3363.07493566787,0.0979351510115658,2979.0255351745,688.322950401524,1277.96847555379,2017844.96140072,20603888.8035454,3118.0
219.1,177.696,34339.8146725756,3363.07493566787,0.0979351510115658,7380.01618361178,688.322950401524,1277.96847555379,2017844.96140072,20603888.8035454,7837.0
219.1,185.568,34339.8146725756,3363.07493566787,0.0979351510115658,7650.3392047143,688.322950401524,1277.96847555379,2017844.96140072,20603888.8035454,8664.0
219.1,49.536,31133.8193695872,6569.07023865626,0.210994679472998,4045.06063721991,688.322950401524,2502.81576092803,3941442.14319376,18680291.6217523,5241.0
219.1,177.696,31133.8193695872,6569.07023865626,0.210994679472998,8035.1709276262,688.322950401524,2502.81576092803,3941442.14319376,18680291.6217523,9085.0
219.1,185.568,31133.8193695872,6569.07023865626,0.210994679472998,8280.25635370359,688.322950401524,2502.81576092803,3941442.14319376,18680291.6217523,9187.0
114.1,109.728,8517.75272362894,1707.1967399914,0.200428070100638,1656.09731317872,358.455721774595,721.461342320365,423384.791517867,2112402.67545998,2130.1
114.5,109.728,8586.59601424338,1710.17025743802,0.19916742963116,1664.9079582442,359.712358836031,722.717950793306,424122.223844628,2129475.81153236,2026.4
114.1,109.728,8507.94058729398,1717.00887632635,0.20181251369933,1659.16725589811,358.455721774595,725.607951135517,425818.201328936,2109969.26564891,2049.6
114.4,109.728,8573.46164367725,1705.32686404398,0.19890762155583,1661.4199319824,359.398199570672,720.671132744986,422921.062282907,2126218.48763196,2017.4
114.1,109.728,8504.67113181939,1720.27833180094,0.2022745271554,1660.19017697136,358.455721774595,726.989623019079,426629.026286634,2109158.44069121,1967.9
114.3,109.728,8540.66969955908,1720.15675216525,0.201407713057216,1664.08884825825,359.084040305313,726.938243465035,426598.874536982,2118086.08549065,1875.8
108.6,140.064,7885.42897643691,1377.52554674605,0.174692531105454,1647.7607997923,341.176962179852,543.296075636644,446318.277145722,2554878.98836556,1882.0
108.6,140.064,7885.42897643691,1377.52554674605,0.174692531105454,1647.7607997923,341.176962179852,543.296075636644,446318.277145722,2554878.98836556,1782.0
108.1,140.064,7250.29821620891,1927.55841596994,0.265859190682757,1826.81510663683,339.606165853057,811.309337281749,624528.926774261,2349096.62205169,2108.0
108.1,140.064,7250.29821620891,1927.55841596994,0.265859190682757,1826.81510663683,339.606165853057,811.309337281749,624528.926774261,2349096.62205169,2048.0
76.21,139.2,3978.17435135787,583.389985860441,0.146647666576331,720.611405665102,239.420776130078,166.849535956086,175016.995758132,1193452.30540736,752.0
76.12,139.2,3970.35264958842,580.444114429169,0.146194599235244,718.68010554945,239.138032791255,166.007016726742,174133.234328751,1191105.79487652,762.0
76.11,139.2,3975.93879402558,573.662358367864,0.144283498335003,717.51811462157,239.106616864719,164.067434493209,172098.707510359,1192781.63820767,774.0
76.19,139.2,3871.57634271039,687.594100905892,0.1776005533768,730.074586957124,239.357944277006,191.151160051838,206278.230271767,1161472.90281312,805.0
75.84,139.2,3833.07259044891,684.306424193909,0.178526862731229,723.800890516395,238.25838684825,190.237185925907,205291.927258173,1149921.77713467,796.0
75.97,139.2,3849.55063661607,683.328446400846,0.177508626565703,725.822756716392,238.666793893217,189.965308099435,204998.533920254,1154865.19098482,801.0
76.18,139.2,3800.22252686665,757.751205568062,0.199396535389953,760.105093438096,239.32652835047,231.114117698259,227325.361670419,1140066.75805999,841.0
152.4,182.784,15926.1154618142,2315.35378569568,0.145380949375079,3943.45534161396,478.778720407085,1032.4162530417,1389212.27141741,9555669.27708855,3645.94
152.4,171.744,14271.5014430216,3969.96780448835,0.278174501844693,4009.65410387242,478.778720407085,1558.60936004212,2381980.68269301,8562900.86581294,4200.84
152.4,182.784,15926.1154618142,2315.35378569568,0.145380949375079,3943.45534161396,478.778720407085,1032.4162530417,2315353.78569568,15926115.4618142,3383.35
152.4,171.744,14271.5014430216,3969.96780448835,0.278174501844693,4009.65410387242,478.778720407085,1558.60936004212,3969967.80448835,14271501.4430216,3919.86
152.4,187.776,15926.1154618142,2315.35378569568,0.145380949375079,4022.95850999933,478.778720407085,1032.4162530417,1389212.27141741,9555669.27708855,3997.48
152.4,187.68,14271.5014430216,3969.96780448835,0.278174501844693,4237.08475086841,478.778720407085,1558.60936004212,2381980.68269301,8562900.86581294,4288.54
152.4,184.704,15926.1154618142,2315.35378569568,0.145380949375079,3974.03348330064,478.778720407085,1032.4162530417,1389212.27141741,9555669.27708855,4224.02
152.4,180.672,14271.5014430216,3969.96780448835,0.278174501844693,4137.07006875572,478.778720407085,1558.60936004212,2381980.68269301,8562900.86581294,4354.06
152.4,187.776,15926.1154618142,2315.35378569568,0.145380949375079,4022.95850999933,478.778720407085,1032.4162530417,2315353.78569568,15926115.4618142,3724.06
152.4,187.68,14271.5014430216,3969.96780448835,0.278174501844693,4237.08475086841,478.778720407085,1558.60936004212,3969967.80448835,14271501.4430216,4178.66
152.4,184.704,15926.1154618142,2315.35378569568,0.145380949375079,3974.03348330064,478.778720407085,1032.4162530417,2315353.78569568,15926115.4618142,3995.71
152.4,180.672,14271.5014430216,3969.96780448835,0.278174501844693,4137.07006875572,478.778720407085,1558.60936004212,3969967.80448835,14271501.4430216,4099.79
160.0,60.984928,17671.4586764426,2434.73430653209,0.137777777777778,1649.85519707287,502.654824574367,572.162562035041,1363451.21165797,9896016.85880785,2336.0
160.0,76.955202,17671.4586764426,2434.73430653209,0.137777777777778,1932.07323411533,502.654824574367,572.162562035041,1363451.21165797,9896016.85880785,2852.0
114.0,81.7212,8659.01475145687,1548.01978005637,0.178775510204082,1202.9914059248,358.141562509236,495.366329618039,529422.764779279,2961383.04499825,1682.0
114.0,81.7212,7542.96396126909,2664.07057024414,0.353186172428155,1468.92264894979,358.141562509236,852.502582478126,911112.135023498,2579693.67475403,2223.0
114.0,81.7212,6939.77817177985,3267.25635973338,0.470801267541874,1612.64903504634,358.141562509236,1045.52203511468,1117401.67502882,2373404.13474871,2493.0
114.0,81.7212,5281.01725068444,4926.0172808288,0.932778108268888,2007.89659681185,358.141562509236,1576.32552986521,1684697.91004345,1806107.89973408,2930.0
140.0,81.7212,13478.2178820636,1915.58612052638,0.142124584814405,1714.44369775214,439.822971502571,612.987558568441,804546.170621078,5660851.51046672,2213.0
140.0,81.7212,12867.9635091038,2525.84049348619,0.1962890625,1859.85437743575,439.822971502571,808.268957915582,1060853.0072642,5404544.67382359,2417.0
140.0,81.7212,12867.9635091038,2525.84049348619,0.1962890625,1859.85437743575,439.822971502571,808.268957915582,1060853.0072642,5404544.67382359,2417.0
140.0,81.7212,12867.9635091038,2525.84049348619,0.1962890625,1859.85437743575,439.822971502571,808.268957915582,1060853.0072642,5404544.67382359,2417.0
140.0,81.7212,12867.9635091038,2525.84049348619,0.1962890625,1859.85437743575,439.822971502571,808.268957915582,1060853.0072642,5404544.67382359,2417.0
140.0,81.7212,12076.2821603992,3317.52184219082,0.27471383975026,2048.49525918748,439.822971502571,1061.60698950106,1393359.17372014,5072038.50736765,2804.0
133.0,95.09944,12468.9812420979,1423.92687023957,0.114197530864197,1687.01539181834,417.831822927442,501.22225832433,662125.994661401,5798076.27757552,1995.0
133.0,95.09944,12468.9812420979,1423.92687023957,0.114197530864197,1687.01539181834,417.831822927442,501.22225832433,662125.994661401,5798076.27757552,1991.0
133.0,95.09944,12468.9812420979,1423.92687023957,0.114197530864197,1687.01539181834,417.831822927442,501.22225832433,662125.994661401,5798076.27757552,1962.0
133.0,95.09944,11998.4963262963,1894.41178604118,0.157887433101874,1807.88323015933,417.831822927442,666.832948686496,880901.480509149,5579300.79172777,2273.0
133.0,95.09944,11998.4963262963,1894.41178604118,0.157887433101874,1807.88323015933,417.831822927442,666.832948686496,880901.480509149,5579300.79172777,2158.0
133.0,95.09944,11998.4963262963,1894.41178604118,0.157887433101874,1807.88323015933,417.831822927442,666.832948686496,880901.480509149,5579300.79172777,2253.0
127.0,95.09944,10028.749148422,2638.93782901543,0.263137285613595,2085.83275656303,398.982267005904,1132.10432864762,1174327.33391186,4462793.3710478,3404.0
127.0,95.09944,10028.749148422,2638.93782901543,0.263137285613595,2085.83275656303,398.982267005904,1132.10432864762,1174327.33391186,4462793.3710478,3370.0
127.0,95.09944,10028.749148422,2638.93782901543,0.263137285613595,2085.83275656303,398.982267005904,1132.10432864762,1174327.33391186,4462793.3710478,3364.0
108.0,86.73804,7697.68739945839,1463.19677840945,0.190082644628099,1191.5067642323,339.292006587698,523.824446670582,553088.38223877,2909725.83699527,1535.0
108.0,86.73804,7697.68739945839,1463.19677840945,0.190082644628099,1191.5067642323,339.292006587698,523.824446670582,553088.38223877,2909725.83699527,1578.0
108.0,86.73804,7697.68739945839,1463.19677840945,0.190082644628099,1191.5067642323,339.292006587698,523.824446670582,553088.38223877,2909725.83699527,1518.0
133.0,86.73804,11998.4963262963,1894.41178604118,0.157887433101874,1707.55900297664,417.831822927442,666.832948686496,880901.480509149,5579300.79172777,1854.0
133.0,86.73804,11998.4963262963,1894.41178604118,0.157887433101874,1707.55900297664,417.831822927442,666.832948686496,880901.480509149,5579300.79172777,1933.0
121.0,112.909222,9676.89077121996,1822.12373908208,0.188296404512621,1630.13671138664,380.132711084365,537.526503029214,674185.78346037,3580449.58535139,1927.0
127.4,112.909222,10568.3176866761,2179.2914078687,0.206209869203329,1836.1514931727,400.23890406734,642.890965321268,849923.649068795,4121643.89780367,2217.0
152.0,112.909222,15614.5008865047,2531.33828062997,0.162114581761481,2509.7659397994,477.522083345649,746.744792785842,1177072.30049294,7260742.91222467,2764.0
121.0,106.889014,9676.89077121996,1822.12373908208,0.188296404512621,1571.87981615061,380.132711084365,537.526503029214,674185.78346037,3580449.58535139,1963.0
127.4,106.889014,10568.3176866761,2179.2914078687,0.206209869203329,1772.52802248883,400.23890406734,642.890965321268,849923.649068795,4121643.89780367,2217.0
127.4,106.889014,9572.55847919424,3175.05061535052,0.331682550934678,1959.84126882682,400.23890406734,936.639931528405,1238269.7399867,3733297.80688576,2532.0
133.0,106.889014,11882.28881404,2010.61929829747,0.169211448212043,1823.00644242777,417.831822927442,552.920307031803,814300.815810474,4812326.9696862,2070.0
127.4,91.587652,10568.3176866761,2179.2914078687,0.206209869203329,1610.818367834,400.23890406734,642.890965321268,849923.649068795,4121643.89780367,2078.0
127.4,91.587652,9572.55847919424,3175.05061535052,0.331682550934678,1813.3680862705,400.23890406734,936.639931528405,1238269.7399867,3733297.80688576,2544.0
133.0,91.587652,11882.28881404,2010.61929829747,0.169211448212043,1641.19123989559,417.831822927442,552.920307031803,814300.815810474,4812326.9696862,2002.0
133.0,99.28014,12271.8463030851,1621.06180925233,0.132096,1865.15428092045,417.831822927442,646.803661891681,648424.723700933,4908738.52123405,2312.0
133.0,99.28014,11882.28881404,2010.61929829747,0.169211448212043,1945.72124962966,417.831822927442,766.045952651335,804247.719318987,4752915.525616,2365.0
133.0,99.28014,10751.3154587477,3141.59265358979,0.292205420410549,1947.03804693377,417.831822927442,879.645943005142,1256637.06143592,4300526.18349907,2581.0
133.0,70.01524,12271.8463030851,1621.06180925233,0.132096,1506.0199260453,417.831822927442,646.803661891681,648424.723700933,4908738.52123405,2203.0
133.0,70.01524,11499.014510302,2393.89360203542,0.208182501195273,1633.39344700654,417.831822927442,828.287186304256,957557.440814169,4599605.80412082,2361.0
133.0,64.9984,12271.8463030851,1621.06180925233,0.132096,1444.45403663813,417.831822927442,646.803661891681,648424.723700933,4908738.52123405,1806.0
102.0,122.106762,7853.98163397448,317.300858012569,0.0404,1063.09894756022,320.442450666159,104.074681428123,102805.477996072,2544690.04940773,1310.0
102.0,141.92328,7853.98163397448,317.300858012569,0.0404,1218.73751598154,320.442450666159,104.074681428123,102805.477996072,2544690.04940773,1335.0
104.0,141.92328,7853.98163397448,640.884901332318,0.0816,1324.87308219042,326.725635973339,210.210247637,266608.118954244,3267256.35973339,1463.0
104.0,141.92328,7853.98163397448,640.884901332318,0.0816,1324.87308219042,326.725635973339,210.210247637,266608.118954244,3267256.35973339,1486.0
106.0,141.92328,7853.98163397448,970.752129959246,0.1236,1433.06953318005,333.008821280518,318.406698626633,366944.305124595,2968805.05764235,1780.0
106.0,141.92328,7853.98163397448,970.752129959246,0.1236,1433.06953318005,333.008821280518,318.406698626633,366944.305124595,2968805.05764235,1853.0
106.0,141.92328,7853.98163397448,970.752129959246,0.1236,1433.06953318005,333.008821280518,318.406698626633,366944.305124595,2968805.05764235,1760.0
121.0,141.92328,9676.89077121996,1822.12373908208,0.188296404512621,2011.11938713199,380.132711084365,637.743308678728,881907.889715727,4683615.13327046,2608.0
121.0,141.92328,9676.89077121996,1822.12373908208,0.188296404512621,2011.11938713199,380.132711084365,637.743308678728,881907.889715727,4683615.13327046,2576.0
121.0,141.92328,9676.89077121996,1822.12373908208,0.188296404512621,2011.11938713199,380.132711084365,637.743308678728,881907.889715727,4683615.13327046,2612.0
110.0,110.066346,7853.98163397448,1649.33614313464,0.21,1375.75326437442,345.575191894877,511.294204371739,494800.842940393,2356194.49019234,1580.0
113.0,110.066346,7853.98163397448,2174.76751444753,0.2769,1562.55943214034,354.999969855647,698.100372137658,652430.25433426,2356194.49019234,2076.0
113.0,110.066346,7853.98163397448,2174.76751444753,0.2769,1562.55943214034,354.999969855647,698.100372137658,652430.25433426,2356194.49019234,2048.0
110.0,103.04277,7853.98163397448,1649.33614313464,0.21,1320.5902274656,345.575191894877,511.294204371739,494800.842940393,2356194.49019234,1620.0
110.0,103.04277,7853.98163397448,1649.33614313464,0.21,1329.66157625284,345.575191894877,520.36555315898,494800.842940393,2356194.49019234,1621.0
110.0,103.04277,7853.98163397448,1649.33614313464,0.21,1329.66157625284,345.575191894877,520.36555315898,494800.842940393,2356194.49019234,1645.0
110.0,103.04277,7853.98163397448,1649.33614313464,0.21,1329.66157625284,345.575191894877,520.36555315898,494800.842940393,2356194.49019234,1709.0
110.0,103.04277,7853.98163397448,1649.33614313464,0.21,1329.66157625284,345.575191894877,520.36555315898,494800.842940393,2356194.49019234,1655.0
113.0,103.04277,7853.98163397448,2174.76751444753,0.2769,1495.43517390205,354.999969855647,686.139150808197,652430.25433426,2356194.49019234,2096.0
113.0,103.04277,7853.98163397448,2174.76751444753,0.2769,1495.43517390205,354.999969855647,686.139150808197,652430.25433426,2356194.49019234,2172.0
113.0,134.39802,7853.98163397448,2174.76751444753,0.2769,1741.69873153073,354.999969855647,686.139150808197,652430.25433426,2356194.49019234,2379.0
113.0,134.39802,7853.98163397448,2174.76751444753,0.2769,1741.69873153073,354.999969855647,686.139150808197,652430.25433426,2356194.49019234,2415.0
108.0,140.251,7238.22947387088,1922.65470399695,0.265625,1621.7664810509,339.292006587698,606.597559111039,576796.411199086,2171468.84216127,2141.0
108.0,140.251,7238.22947387088,1922.65470399695,0.265625,1621.7664810509,339.292006587698,606.597559111039,576796.411199086,2171468.84216127,2146.0
110.0,147.107348,7853.98163397448,1649.33614313464,0.21,1675.74396257367,345.575191894877,520.36555315898,494800.842940393,2356194.49019234,1693.0
110.0,147.107348,7853.98163397448,1649.33614313464,0.21,1675.74396257367,345.575191894877,520.36555315898,494800.842940393,2356194.49019234,1641.0
110.0,147.107348,7853.98163397448,1649.33614313464,0.21,1675.74396257367,345.575191894877,520.36555315898,494800.842940393,2356194.49019234,1734.0
110.0,103.04277,7853.98163397448,1649.33614313464,0.21,1329.66157625284,345.575191894877,520.36555315898,494800.842940393,2356194.49019234,1789.0
110.0,103.04277,7853.98163397448,1649.33614313464,0.21,1329.66157625284,345.575191894877,520.36555315898,494800.842940393,2356194.49019234,1730.0
110.0,103.04277,7853.98163397448,1649.33614313464,0.21,1329.66157625284,345.575191894877,520.36555315898,494800.842940393,2356194.49019234,1865.0
110.0,103.04277,7853.98163397448,1649.33614313464,0.21,1329.66157625284,345.575191894877,520.36555315898,494800.842940393,2356194.49019234,1745.0
110.0,147.107348,7853.98163397448,1649.33614313464,0.21,1675.74396257367,345.575191894877,520.36555315898,494800.842940393,2356194.49019234,1886.0
110.0,147.107348,7853.98163397448,1649.33614313464,0.21,1675.74396257367,345.575191894877,520.36555315898,494800.842940393,2356194.49019234,1745.0
110.0,110.066346,7853.98163397448,1649.33614313464,0.21,1384.82461316166,345.575191894877,520.36555315898,494800.842940393,2356194.49019234,1789.0
110.0,103.04277,7853.98163397448,1649.33614313464,0.21,1329.66157625284,345.575191894877,520.36555315898,494800.842940393,2356194.49019234,1760.0
110.0,103.04277,7853.98163397448,1649.33614313464,0.21,1329.66157625284,345.575191894877,520.36555315898,494800.842940393,2356194.49019234,1780.0
108.0,140.251,7238.22947387088,1922.65470399695,0.265625,1621.7664810509,339.292006587698,606.597559111039,576796.411199086,2171468.84216127,2127.0
108.0,140.251,7238.22947387088,1922.65470399695,0.265625,1621.7664810509,339.292006587698,606.597559111039,576796.411199086,2171468.84216127,2170.0
108.0,140.251,7238.22947387088,1922.65470399695,0.265625,1621.7664810509,339.292006587698,606.597559111039,576796.411199086,2171468.84216127,2034.0
108.0,140.251,7238.22947387088,1922.65470399695,0.265625,1621.7664810509,339.292006587698,606.597559111039,576796.411199086,2171468.84216127,2090.0
133.0,105.802032,12076.2821603992,1816.6259519383,0.15042924037461,1822.68297715707,417.831822927442,544.987785581489,726650.380775319,4830512.86415967,1906.1
133.0,124.866024,11499.014510302,2393.89360203542,0.208182501195273,2154.00430243035,417.831822927442,718.168080610626,957557.440814169,4599605.80412082,2146.9
133.0,126.45469,11499.014510302,2393.89360203542,0.208182501195273,2172.27239581637,417.831822927442,718.168080610626,957557.440814169,4599605.80412082,2157.2
133.0,105.802032,10751.3154587477,3141.59265358979,0.292205420410549,2079.98881828545,417.831822927442,942.477796076938,1256637.06143592,4300526.18349907,2184.3
133.0,124.866024,10028.749148422,3864.15896391544,0.385308168219907,2411.49772103148,417.831822927442,1159.24768917463,1545663.58556618,4011499.65936881,2414.1
133.0,126.45469,10028.749148422,3864.15896391544,0.385308168219907,2427.4300538261,417.831822927442,1159.24768917463,1545663.58556618,4011499.65936881,2423.1
133.0,105.802032,10028.749148422,3864.15896391544,0.385308168219907,2220.30972749595,417.831822927442,1159.24768917463,1545663.58556618,4011499.65936881,2290.7
133.0,104.380594,12076.2821603992,1816.6259519383,0.15042924037461,1805.51729079556,417.831822927442,544.987785581489,726650.380775319,4830512.86415967,1886.8
133.0,98.444,12076.2821603992,1816.6259519383,0.15042924037461,1733.82530657982,417.831822927442,544.987785581489,726650.380775319,4830512.86415967,1810.7
133.0,104.380594,10751.3154587477,3141.59265358979,0.292205420410549,2064.7064899424,417.831822927442,942.477796076938,1256637.06143592,4300526.18349907,2167.1
133.0,98.444,10751.3154587477,3141.59265358979,0.292205420410549,2000.88029509789,417.831822927442,942.477796076938,1256637.06143592,4300526.18349907,2099.4
133.0,104.380594,10028.749148422,3864.15896391544,0.385308168219907,2206.05448236392,417.831822927442,1159.24768917463,1545663.58556618,4011499.65936881,2274.7
133.0,98.444,10028.749148422,3864.15896391544,0.385308168219907,2146.51787034189,417.831822927442,1159.24768917463,1545663.58556618,4011499.65936881,2211.5
133.0,100.4256518,12667.6869774374,1225.22113490002,0.0967201934403869,1627.47485062853,417.831822927442,355.314129121006,490088.453960008,5067074.79097498,2000.0
133.0,100.4256518,12667.6869774374,1225.22113490002,0.0967201934403869,1627.47485062853,417.831822927442,355.314129121006,490088.453960008,5067074.79097498,2005.0
133.0,100.4256518,12076.2821603992,1816.6259519383,0.15042924037461,1790.45555999518,417.831822927442,577.687052716378,726650.380775319,4830512.86415967,2300.0
133.0,100.4256518,12076.2821603992,1816.6259519383,0.15042924037461,1790.45555999518,417.831822927442,577.687052716378,726650.380775319,4830512.86415967,2350.0
133.0,100.4256518,11309.7335529233,2583.17455941421,0.228402777777778,1957.23687363037,417.831822927442,821.449509893718,1033269.82376568,4523893.4211693,3200.0
133.0,100.4256518,11309.7335529233,2583.17455941421,0.228402777777778,1957.23687363037,417.831822927442,821.449509893718,1033269.82376568,4523893.4211693,3100.0
133.0,142.0654238,11309.7335529233,2583.17455941421,0.228402777777778,2428.17160015484,417.831822927442,821.449509893718,1033269.82376568,4523893.4211693,2300.0
133.0,142.0654238,11309.7335529233,2583.17455941421,0.228402777777778,2428.17160015484,417.831822927442,821.449509893718,1033269.82376568,4523893.4211693,2350.0
133.0,100.4256518,10568.3176866761,3324.5904256614,0.314580856123662,2025.46141555572,417.831822927442,964.131223441805,1329836.17026456,4227327.07467043,2700.0
133.0,100.4256518,10568.3176866761,3324.5904256614,0.314580856123662,2025.46141555572,417.831822927442,964.131223441805,1329836.17026456,4227327.07467043,2750.0
133.0,100.4256518,10028.749148422,3864.15896391544,0.385308168219907,2460.06744040118,417.831822927442,1452.92377043221,1545663.58556618,4011499.65936881,2950.0
133.0,100.4256518,10028.749148422,3864.15896391544,0.385308168219907,2460.06744040118,417.831822927442,1452.92377043221,1545663.58556618,4011499.65936881,2960.0
133.0,142.0654238,10028.749148422,3864.15896391544,0.385308168219907,2877.66226838667,417.831822927442,1452.92377043221,1545663.58556618,4011499.65936881,3450.0
133.0,142.0654238,10028.749148422,3864.15896391544,0.385308168219907,2877.66226838667,417.831822927442,1452.92377043221,1545663.58556618,4011499.65936881,3450.0
133.0,142.0654238,9331.31557932508,4561.59253301238,0.488847740089218,2858.35239348052,417.831822927442,1532.69509109216,1824637.01320495,3732526.23173003,3500.0
133.0,142.0654238,9331.31557932508,4561.59253301238,0.488847740089218,2858.35239348052,417.831822927442,1532.69509109216,1824637.01320495,3732526.23173003,3650.0
125.0,126.2407384968,10751.3154587477,1520.53084433746,0.141427423478706,1737.38671440873,392.699081698724,380.132711084365,665992.509819807,4709076.17093148,1700.0
125.0,126.2407384968,10751.3154587477,1520.53084433746,0.141427423478706,1737.38671440873,392.699081698724,380.132711084365,665992.509819807,4709076.17093148,2000.0
125.0,126.2407384968,10751.3154587477,1520.53084433746,0.141427423478706,1737.38671440873,392.699081698724,380.132711084365,665992.509819807,4709076.17093148,1840.0
152.0,69.513556,15836.7685667461,2309.0706003885,0.145804403888117,1825.91826714554,477.522083345649,725.048168521988,1154535.30019425,7918384.28337307,2704.0
152.0,69.513556,15836.7685667461,2309.0706003885,0.145804403888117,1825.91826714554,477.522083345649,725.048168521988,1154535.30019425,7918384.28337307,2679.0
152.0,69.513556,15836.7685667461,2309.0706003885,0.145804403888117,1825.91826714554,477.522083345649,725.048168521988,1154535.30019425,7918384.28337307,2799.0
152.0,69.513556,15836.7685667461,2309.0706003885,0.145804403888117,1825.91826714554,477.522083345649,725.048168521988,1154535.30019425,7918384.28337307,2287.0
152.0,69.513556,15836.7685667461,2309.0706003885,0.145804403888117,1825.91826714554,477.522083345649,725.048168521988,1154535.30019425,7918384.28337307,2306.0
121.0,69.513556,9331.31557932508,2167.69893097696,0.232303678141571,1333.64579026581,380.132711084365,684.992862188719,975464.518939631,4199092.01069629,1933.0
121.0,69.513556,9331.31557932508,2167.69893097696,0.232303678141571,1333.64579026581,380.132711084365,684.992862188719,975464.518939631,4199092.01069629,1933.0
152.0,69.513556,15836.7685667461,2309.0706003885,0.145804403888117,1844.39083194864,477.522083345649,743.520733325096,1039081.77017482,7126545.85503577,2524.0
152.0,69.513556,15836.7685667461,2309.0706003885,0.145804403888117,1844.39083194864,477.522083345649,743.520733325096,1039081.77017482,7126545.85503577,2524.0
121.0,93.092704,9331.31557932508,2167.69893097696,0.232303678141571,1553.67026134542,380.132711084365,684.992862188719,975464.518939631,4199092.01069629,2166.0
121.0,93.092704,9331.31557932508,2167.69893097696,0.232303678141571,1553.67026134542,380.132711084365,684.992862188719,975464.518939631,4199092.01069629,2166.0
102.0,93.092704,6939.77817177985,1231.5043202072,0.177455862381168,1004.41047235146,320.442450666159,358.367757180295,554176.944093239,3122900.17730093,1340.0
102.0,93.092704,6939.77817177985,1231.5043202072,0.177455862381168,1004.41047235146,320.442450666159,358.367757180295,554176.944093239,3122900.17730093,1340.0
152.0,93.092704,15836.7685667461,2309.0706003885,0.145804403888117,2217.8083418257,477.522083345649,743.520733325096,1039081.77017482,7126545.85503577,2920.0
152.0,93.092704,15836.7685667461,2309.0706003885,0.145804403888117,2217.8083418257,477.522083345649,743.520733325096,1039081.77017482,7126545.85503577,2920.0
219.0,95.39041672,32365.4729154454,5303.00839925957,0.163847703171637,5473.70972841102,688.008791136165,2386.35377966681,3484076.51831354,21264115.7054477,6120.0
219.0,95.39041672,29864.765163188,7803.71615151704,0.261301775147929,5775.20595098033,688.008791136165,2926.39355681889,5127041.5115467,19621150.7122145,6803.0
245.0,95.39041672,41187.0650867256,5956.45967120625,0.144619667817166,6460.34666235917,769.690200129499,2531.49536026266,4377997.85833659,30272492.8387433,7207.0
273.0,95.39041672,51874.7632942381,6660.17642561036,0.128389528986056,7692.3479752402,857.654794430014,2743.99268735147,5454684.49257489,42485431.137981,8260.0
273.0,95.39041672,50272.5510409073,8262.38867894116,0.164351888015748,7935.22729136725,857.654794430014,3139.70769799764,6766896.32805281,41173219.302503,8892.0
127.4,104.046138,10568.3176866761,2179.2914078687,0.206209869203329,1742.48360577701,400.23890406734,642.890965321268,1351160.6728786,6552356.96573916,2141.0
127.4,89.831758,9572.55847919424,3175.05061535052,0.331682550934678,1796.55968827223,400.23890406734,936.639931528405,1968531.38151733,5934986.25710043,2885.0
133.0,91.253196,11882.28881404,2010.61929829747,0.169211448212043,1637.217137108,417.831822927442,552.920307031803,1246583.96494443,7367019.0647048,2519.0
127.4,114.163432,10568.3176866761,2179.2914078687,0.206209869203329,1849.40638289851,400.23890406734,642.890965321268,1351160.6728786,6552356.96573916,2093.0
133.0,131.8896,11499.014510302,2393.89360203542,0.208182501195273,2234.76850476856,417.831822927442,718.168080610626,957557.440814169,4599605.80412082,2460.0
133.0,131.8896,11499.014510302,2393.89360203542,0.208182501195273,2234.76850476856,417.831822927442,718.168080610626,957557.440814169,4599605.80412082,2494.0
133.0,115.1668,11499.014510302,2393.89360203542,0.208182501195273,2042.47278491568,417.831822927442,718.168080610626,957557.440814169,4599605.80412082,2137.0
133.0,131.8896,10028.749148422,3864.15896391544,0.385308168219907,2481.93540286035,417.831822927442,1159.24768917463,1545663.58556618,4011499.65936881,3150.0
133.0,131.8896,10028.749148422,3864.15896391544,0.385308168219907,2481.93540286035,417.831822927442,1159.24768917463,1545663.58556618,4011499.65936881,3255.0
133.0,115.1668,10028.749148422,3864.15896391544,0.385308168219907,2314.22663660112,417.831822927442,1159.24768917463,1545663.58556618,4011499.65936881,2711.0
133.0,98.444,12076.2821603992,1816.6259519383,0.15042924037461,1733.82530657982,417.831822927442,544.987785581489,726650.380775319,4830512.86415967,1900.0
133.0,98.444,12076.2821603992,1816.6259519383,0.15042924037461,1733.82530657982,417.831822927442,544.987785581489,726650.380775319,4830512.86415967,2296.0
133.0,98.444,10751.3154587477,3141.59265358979,0.292205420410549,2000.88029509789,417.831822927442,942.477796076938,1256637.06143592,4300526.18349907,2334.0
133.0,98.444,10751.3154587477,3141.59265358979,0.292205420410549,2000.88029509789,417.831822927442,942.477796076938,1256637.06143592,4300526.18349907,2597.0
133.0,98.444,10028.749148422,3864.15896391544,0.385308168219907,2146.51787034189,417.831822927442,1159.24768917463,1545663.58556618,4011499.65936881,2789.0
133.0,98.444,10028.749148422,3864.15896391544,0.385308168219907,2146.51787034189,417.831822927442,1159.24768917463,1545663.58556618,4011499.65936881,3057.0
114.0,142.75942,8075.43250012603,2131.60203138721,0.26396134589125,2065.16972940087,358.141562509236,912.325669433726,532900.507846803,2018858.12503151,1836.0
114.0,142.75942,8075.43250012603,2131.60203138721,0.26396134589125,2065.16972940087,358.141562509236,912.325669433726,532900.507846803,2018858.12503151,1836.0
114.0,142.75942,8958.43994727051,1248.59458424273,0.139376341371039,1785.83109217972,358.141562509236,506.929401202548,312148.646060682,2239609.98681763,1550.0
114.0,142.75942,8958.43994727051,1248.59458424273,0.139376341371039,1785.83109217972,358.141562509236,506.929401202548,312148.646060682,2239609.98681763,1550.0
114.0,151.95696,8958.43994727051,1248.59458424273,0.139376341371039,1868.22670193233,358.141562509236,506.929401202548,312148.646060682,2239609.98681763,1617.0
114.0,151.95696,8958.43994727051,1248.59458424273,0.139376341371039,1868.22670193233,358.141562509236,506.929401202548,312148.646060682,2239609.98681763,1617.0
114.0,142.75942,8075.43250012603,2131.60203138721,0.26396134589125,2065.16972940087,358.141562509236,912.325669433726,532900.507846803,2018858.12503151,1836.0
114.0,142.75942,8075.43250012603,2131.60203138721,0.26396134589125,2065.16972940087,358.141562509236,912.325669433726,532900.507846803,2018858.12503151,1836.0
219.0,145.26784,34306.9771753639,3361.50413934108,0.0979831047823997,6250.98753172601,688.008791136165,1267.28706053159,2016902.48360465,20584186.3052184,5290.0
219.0,151.95696,34306.9771753639,3361.50413934108,0.0979831047823997,6480.47101888928,688.008791136165,1267.28706053159,2016902.48360465,20584186.3052184,5474.0
219.0,145.26784,31102.5526687023,6565.92864600267,0.211105780157067,7019.81945879564,688.008791136165,2501.61881412702,3939557.1876016,18661531.6012214,6121.0
219.0,151.95696,31102.5526687023,6565.92864600267,0.211105780157067,7227.86816590291,688.008791136165,2501.61881412702,3939557.1876016,18661531.6012214,6288.0
110.0,108.520086218302,7853.98163397448,1649.33614313464,0.21,1363.60896844761,345.575191894877,511.294204371739,494800.842940393,2356194.49019234,1580.0
113.0,108.520086218302,7853.98163397448,2174.76751444753,0.2769,1550.41513621353,354.999969855647,698.100372137658,652430.25433426,2356194.49019234,2076.0
113.0,108.520086218302,7853.98163397448,2174.76751444753,0.2769,1550.41513621353,354.999969855647,698.100372137658,652430.25433426,2356194.49019234,2048.0
110.0,110.456022271224,7853.98163397448,1649.33614313464,0.21,1378.81377465181,345.575191894877,511.294204371739,494800.842940393,2356194.49019234,1620.0
110.0,110.456022271224,7853.98163397448,1649.33614313464,0.21,1378.81377465181,345.575191894877,511.294204371739,494800.842940393,2356194.49019234,1621.0
110.0,110.456022271224,7853.98163397448,1649.33614313464,0.21,1395.30713608315,345.575191894877,527.787565803086,494800.842940393,2356194.49019234,1645.0
110.0,110.456022271224,7853.98163397448,1649.33614313464,0.21,1395.30713608315,345.575191894877,527.787565803086,494800.842940393,2356194.49019234,1709.0
110.0,110.456022271224,7853.98163397448,1649.33614313464,0.21,1395.30713608315,345.575191894877,527.787565803086,494800.842940393,2356194.49019234,1655.0
113.0,110.456022271224,7853.98163397448,2174.76751444753,0.2769,1565.61994241773,354.999969855647,698.100372137658,652430.25433426,2356194.49019234,2096.0
113.0,110.456022271224,7853.98163397448,2174.76751444753,0.2769,1565.61994241773,354.999969855647,698.100372137658,652430.25433426,2356194.49019234,2172.0
113.0,139.402875633958,7853.98163397448,2174.76751444753,0.2769,1792.96799708999,354.999969855647,698.100372137658,652430.25433426,2356194.49019234,2379.0
113.0,139.402875633958,7853.98163397448,2174.76751444753,0.2769,1792.96799708999,354.999969855647,698.100372137658,652430.25433426,2356194.49019234,2415.0
108.0,134.701316648291,7088.21842466197,2072.66575320587,0.292409972299169,1765.20466399614,339.292006587698,810.412309503493,621799.72596176,2126465.52739859,2141.0
108.0,134.701316648291,7088.21842466197,2072.66575320587,0.292409972299169,1765.20466399614,339.292006587698,810.412309503493,621799.72596176,2126465.52739859,2146.0
110.0,139.402875633958,7853.98163397448,1649.33614313464,0.21,1622.65519075542,345.575191894877,527.787565803086,494800.842940393,2356194.49019234,1693.0
110.0,139.402875633958,7853.98163397448,1649.33614313464,0.21,1622.65519075542,345.575191894877,527.787565803086,494800.842940393,2356194.49019234,1641.0
110.0,139.402875633958,7853.98163397448,1649.33614313464,0.21,1622.65519075542,345.575191894877,527.787565803086,494800.842940393,2356194.49019234,1734.0
108.0,75.3326110253583,7238.22947387088,1922.65470399695,0.265625,1000.94389031468,339.292006587698,455.669164847278,622940.124095013,2345186.34953417,1730.0
108.0,75.3326110253583,7238.22947387088,1922.65470399695,0.265625,1000.94389031468,339.292006587698,455.669164847278,622940.124095013,2345186.34953417,1780.0
108.0,75.3326110253583,7238.22947387088,1922.65470399695,0.265625,1000.94389031468,339.292006587698,455.669164847278,622940.124095013,2345186.34953417,1760.0
108.0,71.6451137816979,4536.45979178366,4624.42438608418,1.01939058171745,1596.73188412159,339.292006587698,1271.71670617315,1498313.50109127,1469812.97253791,2100.0
108.0,71.6451137816979,4536.45979178366,4624.42438608418,1.01939058171745,1596.73188412159,339.292006587698,1271.71670617315,1498313.50109127,1469812.97253791,2150.0
108.0,71.6451137816979,4536.45979178366,4624.42438608418,1.01939058171745,1596.73188412159,339.292006587698,1271.71670617315,1498313.50109127,1469812.97253791,2160.0
133.0,102.251340904079,12667.6869774374,1225.22113490002,0.0967201934403869,1650.60210871713,417.831822927442,355.314129121006,490088.453960008,5067074.79097498,2000.0
133.0,102.251340904079,12667.6869774374,1225.22113490002,0.0967201934403869,1650.60210871713,417.831822927442,355.314129121006,490088.453960008,5067074.79097498,2005.0
133.0,102.251340904079,12076.2821603992,1816.6259519383,0.15042924037461,1812.50309675321,417.831822927442,577.687052716378,726650.380775319,4830512.86415967,2250.0
133.0,102.251340904079,12076.2821603992,1816.6259519383,0.15042924037461,1812.50309675321,417.831822927442,577.687052716378,726650.380775319,4830512.86415967,2200.0
133.0,102.251340904079,11309.7335529233,2583.17455941421,0.228402777777778,1977.88493094798,417.831822927442,821.449509893718,1033269.82376568,4523893.4211693,2300.0
133.0,102.251340904079,11309.7335529233,2583.17455941421,0.228402777777778,1977.88493094798,417.831822927442,821.449509893718,1033269.82376568,4523893.4211693,2350.0
133.0,143.735684895259,11309.7335529233,2583.17455941421,0.228402777777778,2447.06180810603,417.831822927442,821.449509893718,1033269.82376568,4523893.4211693,2950.0
133.0,143.735684895259,11309.7335529233,2583.17455941421,0.228402777777778,2447.06180810603,417.831822927442,821.449509893718,1033269.82376568,4523893.4211693,2950.0
133.0,102.251340904079,10568.3176866761,3324.5904256614,0.314580856123662,2044.75587800473,417.831822927442,964.131223441805,1329836.17026456,4227327.07467043,2500.0
133.0,102.251340904079,10568.3176866761,3324.5904256614,0.314580856123662,2044.75587800473,417.831822927442,964.131223441805,1329836.17026456,4227327.07467043,2550.0
133.0,102.251340904079,10028.749148422,3864.15896391544,0.385308168219907,2478.376818449,417.831822927442,1452.92377043221,1545663.58556618,4011499.65936881,3200.0
133.0,102.251340904079,10028.749148422,3864.15896391544,0.385308168219907,2478.376818449,417.831822927442,1452.92377043221,1545663.58556618,4011499.65936881,3100.0
133.0,143.735684895259,10028.749148422,3864.15896391544,0.385308168219907,2894.41289792339,417.831822927442,1452.92377043221,1545663.58556618,4011499.65936881,3450.0
133.0,143.735684895259,10028.749148422,3864.15896391544,0.385308168219907,2894.41289792339,417.831822927442,1452.92377043221,1545663.58556618,4011499.65936881,3450.0
133.0,143.735684895259,9331.31557932508,4561.59253301238,0.488847740089218,2873.93812686025,417.831822927442,1532.69509109216,1824637.01320495,3732526.23173003,3500.0
133.0,143.735684895259,9331.31557932508,4561.59253301238,0.488847740089218,2873.93812686025,417.831822927442,1532.69509109216,1824637.01320495,3732526.23173003,3500.0
133.0,70.9076143329658,11499.014510302,2393.89360203542,0.208182501195273,1605.35257477736,417.831822927442,789.984888671689,957557.440814169,4599605.80412082,2039.0
133.0,70.9076143329658,11499.014510302,2393.89360203542,0.208182501195273,1605.35257477736,417.831822927442,789.984888671689,957557.440814169,4599605.80412082,2128.0
133.0,70.9076143329658,11499.014510302,2393.89360203542,0.208182501195273,1605.35257477736,417.831822927442,789.984888671689,957557.440814169,4599605.80412082,1966.0
133.0,70.9076143329658,11499.014510302,2393.89360203542,0.208182501195273,1533.5357667163,417.831822927442,718.168080610626,957557.440814169,4599605.80412082,1978.0
133.0,70.9076143329658,10751.3154587477,3141.59265358979,0.292205420410549,1824.20844703428,417.831822927442,1061.85831691335,1256637.06143592,4300526.18349907,2550.0
133.0,70.9076143329658,10751.3154587477,3141.59265358979,0.292205420410549,1824.20844703428,417.831822927442,1061.85831691335,1256637.06143592,4300526.18349907,2552.0
133.0,70.9076143329658,10751.3154587477,3141.59265358979,0.292205420410549,1824.20844703428,417.831822927442,1061.85831691335,1256637.06143592,4300526.18349907,2430.0
133.0,70.9076143329658,10751.3154587477,3141.59265358979,0.292205420410549,1824.20844703428,417.831822927442,1061.85831691335,1256637.06143592,4300526.18349907,2512.0
121.0,70.9076143329658,9331.31557932508,2167.69893097696,0.232303678141571,1346.6541885067,380.132711084365,684.992862188719,975464.518939631,4199092.01069629,1907.0
121.0,70.9076143329658,9331.31557932508,2167.69893097696,0.232303678141571,1346.6541885067,380.132711084365,684.992862188719,975464.518939631,4199092.01069629,1902.0
152.0,70.9076143329658,15836.7685667461,2309.0706003885,0.145804403888117,1865.54458289621,477.522083345649,742.597105084941,1039081.77017482,7126545.85503577,2833.0
152.0,70.9076143329658,15836.7685667461,2309.0706003885,0.145804403888117,1865.54458289621,477.522083345649,742.597105084941,1039081.77017482,7126545.85503577,3057.0
121.0,93.9544721058434,9331.31557932508,2167.69893097696,0.232303678141571,1561.71169149724,380.132711084365,684.992862188719,975464.518939631,4199092.01069629,2165.0
121.0,93.9544721058434,9331.31557932508,2167.69893097696,0.232303678141571,1561.71169149724,380.132711084365,684.992862188719,975464.518939631,4199092.01069629,2173.0
102.0,93.9544721058434,6939.77817177985,1231.5043202072,0.177455862381168,1010.88355356961,320.442450666159,358.860358908378,554176.944093239,3122900.17730093,1326.0
102.0,93.9544721058434,6939.77817177985,1231.5043202072,0.177455862381168,1010.88355356961,320.442450666159,358.860358908378,554176.944093239,3122900.17730093,1275.0
152.0,93.9544721058434,15836.7685667461,2309.0706003885,0.145804403888117,2230.53233563599,477.522083345649,742.597105084941,1039081.77017482,7126545.85503577,2961.0
152.0,93.9544721058434,15836.7685667461,2309.0706003885,0.145804403888117,2230.53233563599,477.522083345649,742.597105084941,1039081.77017482,7126545.85503577,2870.0
140.0,132.765380595369,13511.1618792662,1882.64212332377,0.139339765162078,3714.10951497667,439.822971502571,1920.29496579025,790709.691795984,5674687.98929181,4516.0
140.0,132.765380595369,13511.1618792662,1882.64212332377,0.139339765162078,3714.10951497667,439.822971502571,1920.29496579025,790709.691795984,5674687.98929181,4312.0
140.0,132.765380595369,12759.6190891002,2634.18491348981,0.206446986786623,4731.25088987007,439.822971502571,3037.21520525375,1106357.66366572,5359040.01742208,5052.0
140.0,132.765380595369,12759.6190891002,2634.18491348981,0.206446986786623,4731.25088987007,439.822971502571,3037.21520525375,1106357.66366572,5359040.01742208,5386.0
140.0,132.765380595369,12759.6190891002,2634.18491348981,0.206446986786623,4731.25088987007,439.822971502571,3037.21520525375,1106357.66366572,5359040.01742208,5354.0
140.0,132.765380595369,11136.9823994506,4256.82160313939,0.382223967899005,4769.12880617374,439.822971502571,3290.52309922675,1787865.07331854,4677532.60776925,6339.0
140.0,132.765380595369,11136.9823994506,4256.82160313939,0.382223967899005,4769.12880617374,439.822971502571,3290.52309922675,1787865.07331854,4677532.60776925,6187.0
140.0,132.765380595369,12783.6560428113,2610.14795977866,0.204178519121409,2634.27007748468,439.822971502571,937.04311756054,1096262.14310704,5369135.53798076,3251.0
140.0,132.765380595369,12783.6560428113,2610.14795977866,0.204178519121409,2634.27007748468,439.822971502571,937.04311756054,1096262.14310704,5369135.53798076,3202.0
140.0,132.765380595369,8918.22253475632,6475.58146783367,0.726106737367998,3703.03240004842,439.822971502571,2519.0011909873,2719744.21649014,3745653.46459765,4513.0
140.0,132.765380595369,8918.22253475632,6475.58146783367,0.726106737367998,3703.03240004842,439.822971502571,2519.0011909873,2719744.21649014,3745653.46459765,4423.0
133.0,80.1263574421169,12076.2821603992,1816.6259519383,0.15042924037461,1605.26421008634,417.831822927442,637.635709130342,726650.380775319,4830512.86415967,1817.0
133.0,80.1263574421169,12076.2821603992,1816.6259519383,0.15042924037461,1605.26421008634,417.831822927442,637.635709130342,726650.380775319,4830512.86415967,1814.0
133.0,80.1263574421169,12076.2821603992,1816.6259519383,0.15042924037461,1605.26421008634,417.831822927442,637.635709130342,726650.380775319,4830512.86415967,1837.0
133.0,80.1263574421169,12076.2821603992,1816.6259519383,0.15042924037461,1605.26421008634,417.831822927442,637.635709130342,726650.380775319,4830512.86415967,1843.0
133.0,80.1263574421169,11499.014510302,2393.89360203542,0.208182501195273,1711.35903555624,417.831822927442,789.984888671689,957557.440814169,4599605.80412082,2039.0
133.0,80.1263574421169,11499.014510302,2393.89360203542,0.208182501195273,1711.35903555624,417.831822927442,789.984888671689,957557.440814169,4599605.80412082,2128.0
133.0,80.1263574421169,11499.014510302,2393.89360203542,0.208182501195273,1711.35903555624,417.831822927442,789.984888671689,957557.440814169,4599605.80412082,1966.0
133.0,80.1263574421169,11499.014510302,2393.89360203542,0.208182501195273,1711.35903555624,417.831822927442,789.984888671689,957557.440814169,4599605.80412082,1978.0
133.0,80.1263574421169,10751.3154587477,3141.59265358979,0.292205420410549,1923.32206233392,417.831822927442,1061.85831691335,1256637.06143592,4300526.18349907,2550.0
133.0,80.1263574421169,10751.3154587477,3141.59265358979,0.292205420410549,1923.32206233392,417.831822927442,1061.85831691335,1256637.06143592,4300526.18349907,2552.0
133.0,80.1263574421169,10751.3154587477,3141.59265358979,0.292205420410549,1923.32206233392,417.831822927442,1061.85831691335,1256637.06143592,4300526.18349907,2430.0
133.0,80.1263574421169,10751.3154587477,3141.59265358979,0.292205420410549,1923.32206233392,417.831822927442,1061.85831691335,1256637.06143592,4300526.18349907,2512.0
186.1,145.302871223815,26330.9525207791,869.907005779012,0.0330374301914267,4148.69850247116,584.65039283306,322.735499144014,639381.649247574,19353250.1027727,3800.0
164.1,154.705989195149,19880.6344844286,1269.20343205028,0.0638411934510631,3554.14291762366,515.535354454085,478.489693882955,807213.382783977,12644083.5320966,3500.0
168.6,160.329422491731,20307.757567629,2017.93920918033,0.0993678993094232,3988.4429758525,529.672521395239,732.511932932461,1295516.97229377,13037580.3584178,3800.0
169.0,164.201294597574,19955.6792789412,2476.07766585333,0.124078846489896,4264.70336085161,530.929158456675,987.95498867548,1592117.93914369,12831501.7763592,4350.0
168.8,153.046615435502,19458.0510026126,2920.64444226282,0.150099536786633,4298.12013682402,530.300839925957,1320.1312879028,1892577.59858631,12608817.0496929,4400.0
114.3,161.712233958104,9008.83894741572,1251.98750430861,0.138973236353365,1961.39043579174,359.084040305313,504.550964236369,312996.876077152,2252209.73685393,2422.0
114.3,161.712233958104,9008.83894741572,1251.98750430861,0.138973236353365,1961.39043579174,359.084040305313,504.550964236369,312996.876077152,2252209.73685393,2340.0
114.3,171.576289084895,9008.83894741572,1251.98750430861,0.138973236353365,2050.25411979743,359.084040305313,504.550964236369,312996.876077152,2252209.73685393,2497.0
114.3,171.576289084895,9008.83894741572,1251.98750430861,0.138973236353365,2050.25411979743,359.084040305313,504.550964236369,312996.876077152,2252209.73685393,2314.0
114.3,161.712233958104,8123.28681022183,2137.5396415025,0.263137285613595,2228.50182372644,359.084040305313,914.866966563068,534384.910375624,2030821.70255546,2610.0
114.3,161.712233958104,8123.28681022183,2137.5396415025,0.263137285613595,2228.50182372644,359.084040305313,914.866966563068,534384.910375624,2030821.70255546,2633.0
219.1,172.405975964719,34339.8146725756,3363.07493566787,0.0979351510115658,7198.35773862676,688.322950401524,1277.96847555379,2017844.96140072,20603888.8035454,7837.0
219.1,179.965345314223,34339.8146725756,3363.07493566787,0.0979351510115658,7457.94508113027,688.322950401524,1277.96847555379,2017844.96140072,20603888.8035454,8664.0
219.1,172.405975964719,31133.8193695872,6569.07023865626,0.210994679472998,7870.47227485098,688.322950401524,2502.81576092803,3941442.14319376,18680291.6217523,9085.0
219.1,179.965345314223,31133.8193695872,6569.07023865626,0.210994679472998,8105.82431472643,688.322950401524,2502.81576092803,3941442.14319376,18680291.6217523,9187.0
108.0,65.3302747519294,5541.76944093239,3619.11473693544,0.653061224489796,1918.2646570702,339.292006587698,1556.21933688224,1172593.17476708,1795533.2988621,2751.0
108.0,84.3024480705623,7389.81131940659,1771.07285846125,0.239664151344457,1301.47719708203,339.292006587698,678.498012076503,573827.606141443,2394298.86748774,2021.0
108.0,47.1970070562293,7389.81131940659,1771.07285846125,0.239664151344457,1027.27498906274,339.292006587698,678.498012076503,573827.606141443,2394298.86748774,1725.0
108.0,60.0387162072767,5541.76944093239,3619.11473693544,0.653061224489796,1888.94005963254,339.292006587698,1556.21933688224,1172593.17476708,1795533.2988621,2713.0
76.0,93.9544721058434,3848.4510006475,688.008791136164,0.178775510204082,523.261248108039,238.761041672824,161.682065916999,206402.637340849,1154535.30019425,740.3
76.0,93.9544721058434,3631.6811075498,904.77868423386,0.249134948096886,553.835672111564,238.761041672824,212.622990794957,271433.605270158,1089504.33226494,831.6
76.0,112.391958324146,4071.50407905237,464.955712731289,0.114197530864197,566.868909261296,238.761041672824,109.264592491853,139486.713819387,1221451.22371571,736.0
76.0,112.391958324146,3848.4510006475,688.008791136164,0.178775510204082,594.217010394288,238.761041672824,161.682065916999,206402.637340849,1154535.30019425,826.7
76.0,112.391958324146,3631.6811075498,904.77868423386,0.249134948096886,620.794742481281,238.761041672824,212.622990794957,271433.605270158,1089504.33226494,918.4
76.0,130.829444542448,4071.50407905237,464.955712731289,0.114197530864197,641.937209606584,238.761041672824,109.264592491853,139486.713819387,1221451.22371571,822.8
76.0,130.829444542448,3848.4510006475,688.008791136164,0.178775510204082,665.172772680537,238.761041672824,161.682065916999,206402.637340849,1154535.30019425,912.8
76.0,130.829444542448,3631.6811075498,904.77868423386,0.249134948096886,687.753812850998,238.761041672824,212.622990794957,271433.605270158,1089504.33226494,1003.8
76.0,149.26693076075,4071.50407905237,464.955712731289,0.114197530864197,717.005509951873,238.761041672824,109.264592491853,139486.713819387,1221451.22371571,909.0
76.0,149.26693076075,3848.4510006475,688.008791136164,0.178775510204082,736.128534966787,238.761041672824,161.682065916999,206402.637340849,1154535.30019425,998.4
76.0,149.26693076075,3631.6811075498,904.77868423386,0.249134948096886,754.712883220716,238.761041672824,212.622990794957,271433.605270158,1089504.33226494,1089.2
76.0,93.9544721058434,3848.4510006475,688.008791136164,0.178775510204082,567.98181953189,238.761041672824,206.402637340849,206402.637340849,1154535.30019425,824.0
76.0,93.9544721058434,3631.6811075498,904.77868423386,0.249134948096886,612.646286586764,238.761041672824,271.433605270158,271433.605270158,1089504.33226494,939.4
76.0,112.391958324146,4071.50407905237,464.955712731289,0.114197530864197,597.091030588829,238.761041672824,139.486713819387,139486.713819387,1221451.22371571,783.0
76.0,112.391958324146,3848.4510006475,688.008791136164,0.178775510204082,638.937581818139,238.761041672824,206.402637340849,206402.637340849,1154535.30019425,900.3
76.0,112.391958324146,3631.6811075498,904.77868423386,0.249134948096886,679.605356956482,238.761041672824,271.433605270158,271433.605270158,1089504.33226494,1018.7
76.0,130.829444542448,4071.50407905237,464.955712731289,0.114197530864197,672.159330934118,238.761041672824,139.486713819387,139486.713819387,1221451.22371571,869.8
76.0,130.829444542448,3848.4510006475,688.008791136164,0.178775510204082,709.893344104388,238.761041672824,206.402637340849,206402.637340849,1154535.30019425,982.5
76.0,130.829444542448,3631.6811075498,904.77868423386,0.249134948096886,746.564427326199,238.761041672824,271.433605270158,271433.605270158,1089504.33226494,1096.6
76.0,149.26693076075,4071.50407905237,464.955712731289,0.114197530864197,747.227631279407,238.761041672824,139.486713819387,139486.713819387,1221451.22371571,956.3
76.0,149.26693076075,3848.4510006475,688.008791136164,0.178775510204082,780.849106390637,238.761041672824,206.402637340849,206402.637340849,1154535.30019425,1069.4
76.0,149.26693076075,3631.6811075498,904.77868423386,0.249134948096886,813.523497695917,238.761041672824,271.433605270158,271433.605270158,1089504.33226494,1182.4
76.0,93.9544721058434,3848.4510006475,688.008791136164,0.178775510204082,636.782698645506,238.761041672824,275.203516454466,206402.637340849,1154535.30019425,919.2
76.0,93.9544721058434,3631.6811075498,904.77868423386,0.249134948096886,703.12415501015,238.761041672824,361.911473693544,271433.605270158,1089504.33226494,1069.0
76.0,112.391958324146,4071.50407905237,464.955712731289,0.114197530864197,643.586601861958,238.761041672824,185.982285092516,139486.713819387,1221451.22371571,856.9
76.0,112.391958324146,3848.4510006475,688.008791136164,0.178775510204082,707.738460931755,238.761041672824,275.203516454466,206402.637340849,1154535.30019425,1006.3
76.0,112.391958324146,3631.6811075498,904.77868423386,0.249134948096886,770.083225379868,238.761041672824,361.911473693544,271433.605270158,1089504.33226494,1155.5
76.0,130.829444542448,4071.50407905237,464.955712731289,0.114197530864197,718.654902207247,238.761041672824,185.982285092516,139486.713819387,1221451.22371571,943.7
76.0,130.829444542448,3848.4510006475,688.008791136164,0.178775510204082,778.694223218004,238.761041672824,275.203516454466,206402.637340849,1154535.30019425,1092.9
76.0,130.829444542448,3631.6811075498,904.77868423386,0.249134948096886,837.042295749585,238.761041672824,361.911473693544,271433.605270158,1089504.33226494,1241.3
76.0,149.26693076075,4071.50407905237,464.955712731289,0.114197530864197,793.723202552536,238.761041672824,185.982285092516,139486.713819387,1221451.22371571,1030.2
76.0,149.26693076075,3848.4510006475,688.008791136164,0.178775510204082,849.649985504254,238.761041672824,275.203516454466,206402.637340849,1154535.30019425,1179.2
76.0,149.26693076075,3631.6811075498,904.77868423386,0.249134948096886,904.001366119303,238.761041672824,361.911473693544,271433.605270158,1089504.33226494,1327.6
76.0,93.9544721058434,3848.4510006475,688.008791136164,0.178775510204082,705.583577759123,238.761041672824,344.004395568082,206402.637340849,1154535.30019425,1031.2
76.0,93.9544721058434,3631.6811075498,904.77868423386,0.249134948096886,793.602023433536,238.761041672824,452.38934211693,271433.605270158,1089504.33226494,1217.7
76.0,112.391958324146,4071.50407905237,464.955712731289,0.114197530864197,690.082173135087,238.761041672824,232.477856365645,139486.713819387,1221451.22371571,931.6
76.0,112.391958324146,3848.4510006475,688.008791136164,0.178775510204082,776.539340045372,238.761041672824,344.004395568082,206402.637340849,1154535.30019425,1118.0
76.0,112.391958324146,3631.6811075498,904.77868423386,0.249134948096886,860.561093803254,238.761041672824,452.38934211693,271433.605270158,1089504.33226494,1304.7
76.0,130.829444542448,4071.50407905237,464.955712731289,0.114197530864197,765.150473480376,238.761041672824,232.477856365645,139486.713819387,1221451.22371571,1018.4
76.0,130.829444542448,3848.4510006475,688.008791136164,0.178775510204082,847.495102331621,238.761041672824,344.004395568082,206402.637340849,1154535.30019425,1204.6
76.0,130.829444542448,3631.6811075498,904.77868423386,0.249134948096886,927.520164172971,238.761041672824,452.38934211693,271433.605270158,1089504.33226494,1390.6
76.0,149.26693076075,4071.50407905237,464.955712731289,0.114197530864197,840.218773825665,238.761041672824,232.477856365645,139486.713819387,1221451.22371571,1104.9
76.0,149.26693076075,3848.4510006475,688.008791136164,0.178775510204082,918.45086461787,238.761041672824,344.004395568082,206402.637340849,1154535.30019425,1290.8
76.0,149.26693076075,3631.6811075498,904.77868423386,0.249134948096886,994.479234542689,238.761041672824,452.38934211693,271433.605270158,1089504.33226494,1476.6
140.0,137.282564718853,13511.1618792662,1882.64212332377,0.139339765162078,3775.14192090752,439.822971502571,1920.29496579025,790709.691795984,5674687.98929181,4280.0
140.0,137.282564718853,13511.1618792662,1882.64212332377,0.139339765162078,3775.14192090752,439.822971502571,1920.29496579025,790709.691795984,5674687.98929181,4142.0
300.0,180.0,57255.52611167398,13430.308594096372,0.23456790123456803,15073.754251005526,942.4777960769379,4767.759550904211,12087277.734686734,51529973.50050658,15932.6
300.0,120.0,57255.52611167398,13430.308594096372,0.23456790123456803,11638.42268430509,942.4777960769379,4767.759550904211,12087277.734686734,51529973.50050658,12964.0
300.0,120.0,63793.96582195774,6891.868883812611,0.10803324099722994,10825.535585188729,942.4777960769379,3170.2596865538007,6202681.99543135,57414569.23976196,12105.8
300.0,180.0,63793.96582195774,6891.868883812611,0.10803324099722994,13102.503035648357,942.4777960769379,1619.5891876959636,6202681.99543135,57414569.23976196,12736.3
300.0,180.0,57255.52611167398,13430.308594096372,0.23456790123456803,16483.93665338565,942.4777960769379,6177.94195328433,12087277.734686734,51529973.50050658,17988.1
300.0,180.0,63793.96582195774,6891.868883812611,0.10803324099722994,14653.173534506193,942.4777960769379,3170.2596865538007,6202681.99543135,57414569.23976196,15401.7
300.0,160.0,61575.216010359945,9110.618695410405,0.14795918367346947,13086.304198528283,942.4777960769379,3234.269636870694,8199556.825869365,55417694.40932395,13797.1
300.0,100.0,63793.96582195774,6891.868883812611,0.10803324099722994,8826.01003594925,942.4777960769379,2446.613453753477,6202681.99543135,57414569.23976196,9721.4
300.0,100.0,61575.216010359945,9110.618695410405,0.14795918367346947,10348.406200924781,942.4777960769379,4190.884599888786,8199556.825869365,55417694.40932395,12152.5
300.0,200.0,61575.216010359945,9110.618695410405,0.14795918367346947,16505.927801960777,942.4777960769379,4190.884599888786,8199556.825869365,55417694.40932395,17441.4
300.0,140.0,61575.216010359945,9110.618695410405,0.14795918367346947,10761.525634871838,942.4777960769379,2140.995393421445,8199556.825869365,55417694.40932395,10939.1
300.0,100.0,61575.216010359945,9110.618695410405,0.14795918367346947,9391.79123790669,942.4777960769379,3234.269636870694,8199556.825869365,55417694.40932395,10597.7
300.0,200.0,61575.216010359945,9110.618695410405,0.14795918367346947,14456.038595493434,942.4777960769379,2140.995393421445,8199556.825869365,55417694.40932395,14094.8
300.0,200.0,57255.52611167398,13430.308594096372,0.23456790123456803,14607.227741947445,942.4777960769379,3156.1225196126475,12087277.734686734,51529973.50050658,14586.9
300.0,160.0,57255.52611167398,13430.308594096372,0.23456790123456803,13928.643728772047,942.4777960769379,4767.759550904211,12087277.734686734,51529973.50050658,14930.2
300.0,160.0,61575.216010359945,9110.618695410405,0.14795918367346947,11993.029955079035,942.4777960769379,2140.995393421445,8199556.825869365,55417694.40932395,11992.8
300.0,200.0,65144.06526483795,5541.769440932403,0.08506944444444457,15578.026995796494,942.4777960769379,2549.213942828905,4987592.496839163,58629658.738354154,15922.6
300.0,140.0,65144.06526483795,5541.769440932403,0.08506944444444457,11087.497288608316,942.4777960769379,1967.3281515310032,4987592.496839163,58629658.738354154,11484.4
300.0,200.0,61575.216010359945,9110.618695410405,0.14795918367346947,15549.312838942682,942.4777960769379,3234.269636870694,8199556.825869365,55417694.40932395,15856.3
300.0,140.0,63793.96582195774,6891.868883812611,0.10803324099722994,10826.419158122551,942.4777960769379,1895.263943048468,6202681.99543135,57414569.23976196,10992.5
300.0,180.0,57255.52611167398,13430.308594096372,0.23456790123456803,13462.117219713964,942.4777960769379,3156.1225196126475,12087277.734686734,51529973.50050658,13591.3
300.0,160.0,61575.216010359945,9110.618695410405,0.14795918367346947,12357.454702895451,942.4777960769379,2505.4201412378616,8199556.825869365,55417694.40932395,12615.5
300.0,140.0,63793.96582195774,6891.868883812611,0.10803324099722994,10550.744402770046,942.4777960769379,1619.5891876959636,6202681.99543135,57414569.23976196,10496.0
300.0,140.0,61575.216010359945,9110.618695410405,0.14795918367346947,11125.950382688254,942.4777960769379,2505.4201412378616,8199556.825869365,55417694.40932395,11527.6
300.0,200.0,65144.06526483795,5541.769440932403,0.08506944444444457,14996.141204498594,942.4777960769379,1967.3281515310032,4987592.496839163,58629658.738354154,14864.6
300.0,160.0,65144.06526483795,5541.769440932403,0.08506944444444457,12390.378593905074,942.4777960769379,1967.3281515310032,4987592.496839163,58629658.738354154,12615.1
300.0,100.0,65144.06526483795,5541.769440932403,0.08506944444444457,9063.6204693127,942.4777960769379,2549.213942828905,4987592.496839163,58629658.738354154,10298.4
300.0,160.0,57255.52611167398,13430.308594096372,0.23456790123456803,12854.21904124434,942.4777960769379,3693.334863376502,12087277.734686734,51529973.50050658,13375.1
300.0,120.0,61575.216010359945,9110.618695410405,0.14795918367346947,9894.446062481054,942.4777960769379,2505.4201412378616,8199556.825869365,55417694.40932395,10452.2
300.0,180.0,63793.96582195774,6891.868883812611,0.10803324099722994,13929.527301705872,942.4777960769379,2446.613453753477,6202681.99543135,57414569.23976196,14164.0
300.0,200.0,57255.52611167398,13430.308594096372,0.23456790123456803,15144.440085711298,942.4777960769379,3693.334863376502,12087277.734686734,51529973.50050658,15370.3
300.0,140.0,57255.52611167398,13430.308594096372,0.23456790123456803,11171.896175247004,942.4777960769379,3156.1225196126475,12087277.734686734,51529973.50050658,11594.3
300.0,100.0,57255.52611167398,13430.308594096372,0.23456790123456803,11903.494564451728,942.4777960769379,6177.94195328433,12087277.734686734,51529973.50050658,14009.9
300.0,120.0,57255.52611167398,13430.308594096372,0.23456790123456803,10026.785653013523,942.4777960769379,3156.1225196126475,12087277.734686734,51529973.50050658,10566.6
300.0,100.0,65144.06526483795,5541.769440932403,0.08506944444444457,8481.734678014798,942.4777960769379,1967.3281515310032,4987592.496839163,58629658.738354154,9232.7
300.0,200.0,61575.216010359945,9110.618695410405,0.14795918367346947,14820.46334330985,942.4777960769379,2505.4201412378616,8199556.825869365,55417694.40932395,14749.1
300.0,120.0,65144.06526483795,5541.769440932403,0.08506944444444457,9784.615983311556,942.4777960769379,1967.3281515310032,4987592.496839163,58629658.738354154,10350.9
300.0,200.0,63793.96582195774,6891.868883812611,0.10803324099722994,14378.38235208751,942.4777960769379,1619.5891876959636,6202681.99543135,57414569.23976196,13761.7
300.0,120.0,65144.06526483795,5541.769440932403,0.08506944444444457,9119.603650399667,942.4777960769379,1302.315818619115,4987592.496839163,58629658.738354154,9145.0
300.0,100.0,57255.52611167398,13430.308594096372,0.23456790123456803,9418.8874745439,942.4777960769379,3693.334863376502,12087277.734686734,51529973.50050658,10397.2
300.0,100.0,61575.216010359945,9110.618695410405,0.14795918367346947,8298.516994457439,942.4777960769379,2140.995393421445,8199556.825869365,55417694.40932395,8807.4
300.0,180.0,57255.52611167398,13430.308594096372,0.23456790123456803,13999.329563477819,942.4777960769379,3693.334863376502,12087277.734686734,51529973.50050658,14377.8
300.0,180.0,65144.06526483795,5541.769440932403,0.08506944444444457,13249.918343927242,942.4777960769379,1523.9865962564108,4987592.496839163,58629658.738354154,12931.9
300.0,120.0,61575.216010359945,9110.618695410405,0.14795918367346947,10623.295558113889,942.4777960769379,3234.269636870694,8199556.825869365,55417694.40932395,11667.8
300.0,140.0,65144.06526483795,5541.769440932403,0.08506944444444457,11669.383079906218,942.4777960769379,2549.213942828905,4987592.496839163,58629658.738354154,12550.4
300.0,200.0,63793.96582195774,6891.868883812611,0.10803324099722994,15929.052850945347,942.4777960769379,3170.2596865538007,6202681.99543135,57414569.23976196,16510.3
300.0,160.0,63793.96582195774,6891.868883812611,0.10803324099722994,12653.647985266714,942.4777960769379,2446.613453753477,6202681.99543135,57414569.23976196,13038.2
300.0,160.0,61575.216010359945,9110.618695410405,0.14795918367346947,14042.919161546377,942.4777960769379,4190.884599888786,8199556.825869365,55417694.40932395,15335.4
300.0,140.0,65144.06526483795,5541.769440932403,0.08506944444444457,10644.155733333724,942.4777960769379,1523.9865962564108,4987592.496839163,58629658.738354154,10673.8
300.0,100.0,63793.96582195774,6891.868883812611,0.10803324099722994,7998.985769891737,942.4777960769379,1619.5891876959636,6202681.99543135,57414569.23976196,8273.3
300.0,140.0,63793.96582195774,6891.868883812611,0.10803324099722994,12101.414901627883,942.4777960769379,3170.2596865538007,6202681.99543135,57414569.23976196,13196.6
300.0,180.0,63793.96582195774,6891.868883812611,0.10803324099722994,13378.177791000862,942.4777960769379,1895.263943048468,6202681.99543135,57414569.23976196,13181.7
300.0,160.0,63793.96582195774,6891.868883812611,0.10803324099722994,12102.298474561707,942.4777960769379,1895.263943048468,6202681.99543135,57414569.23976196,12086.1
300.0,180.0,61575.216010359945,9110.618695410405,0.14795918367346947,14317.808518735483,942.4777960769379,3234.269636870694,8199556.825869365,55417694.40932395,14860.0
300.0,160.0,65144.06526483795,5541.769440932403,0.08506944444444457,11725.366260993187,942.4777960769379,1302.315818619115,4987592.496839163,58629658.738354154,11321.8
300.0,100.0,63793.96582195774,6891.868883812611,0.10803324099722994,9549.656268749573,942.4777960769379,3170.2596865538007,6202681.99543135,57414569.23976196,10996.8
300.0,120.0,61575.216010359945,9110.618695410405,0.14795918367346947,9530.02131466464,942.4777960769379,2140.995393421445,8199556.825869365,55417694.40932395,9882.5
300.0,160.0,63793.96582195774,6891.868883812611,0.10803324099722994,11826.623719209201,942.4777960769379,1619.5891876959636,6202681.99543135,57414569.23976196,11634.5
300.0,100.0,65144.06526483795,5541.769440932403,0.08506944444444457,8038.393122740205,942.4777960769379,1523.9865962564108,4987592.496839163,58629658.738354154,8416.0
300.0,140.0,57255.52611167398,13430.308594096372,0.23456790123456803,11709.108519010859,942.4777960769379,3693.334863376502,12087277.734686734,51529973.50050658,12385.3
300.0,160.0,57255.52611167398,13430.308594096372,0.23456790123456803,12317.006697480485,942.4777960769379,3156.1225196126475,12087277.734686734,51529973.50050658,12592.0
300.0,120.0,57255.52611167398,13430.308594096372,0.23456790123456803,13048.605086685207,942.4777960769379,6177.94195328433,12087277.734686734,51529973.50050658,14970.5
300.0,100.0,61575.216010359945,9110.618695410405,0.14795918367346947,8662.941742273855,942.4777960769379,2505.4201412378616,8199556.825869365,55417694.40932395,9383.4
300.0,160.0,65144.06526483795,5541.769440932403,0.08506944444444457,12972.264385202976,942.4777960769379,2549.213942828905,4987592.496839163,58629658.738354154,13653.6
300.0,200.0,57255.52611167398,13430.308594096372,0.23456790123456803,16218.864773239009,942.4777960769379,4767.759550904211,12087277.734686734,51529973.50050658,16937.0
300.0,120.0,65144.06526483795,5541.769440932403,0.08506944444444457,10366.50177460946,942.4777960769379,2549.213942828905,4987592.496839163,58629658.738354154,11428.0
300.0,160.0,63793.96582195774,6891.868883812611,0.10803324099722994,13377.294218067038,942.4777960769379,3170.2596865538007,6202681.99543135,57414569.23976196,14308.9
300.0,140.0,57255.52611167398,13430.308594096372,0.23456790123456803,12783.53320653857,942.4777960769379,4767.759550904211,12087277.734686734,51529973.50050658,13959.8
300.0,180.0,65144.06526483795,5541.769440932403,0.08506944444444457,13693.259899201834,942.4777960769379,1967.3281515310032,4987592.496839163,58629658.738354154,13741.3
300.0,200.0,65144.06526483795,5541.769440932403,0.08506944444444457,14331.128871586705,942.4777960769379,1302.315818619115,4987592.496839163,58629658.738354154,13591.8
300.0,180.0,61575.216010359945,9110.618695410405,0.14795918367346947,15274.423481753576,942.4777960769379,4190.884599888786,8199556.825869365,55417694.40932395,16397.0
300.0,100.0,65144.06526483795,5541.769440932403,0.08506944444444457,7816.72234510291,942.4777960769379,1302.315818619115,4987592.496839163,58629658.738354154,8016.3
300.0,160.0,65144.06526483795,5541.769440932403,0.08506944444444457,11947.037038630482,942.4777960769379,1523.9865962564108,4987592.496839163,58629658.738354154,11799.6
300.0,120.0,57255.52611167398,13430.308594096372,0.23456790123456803,10563.99799677738,942.4777960769379,3693.334863376502,12087277.734686734,51529973.50050658,11337.8
300.0,180.0,61575.216010359945,9110.618695410405,0.14795918367346947,13588.959023102652,942.4777960769379,2505.4201412378616,8199556.825869365,55417694.40932395,13680.9
300.0,200.0,65144.06526483795,5541.769440932403,0.08506944444444457,14552.799649224,942.4777960769379,1523.9865962564108,4987592.496839163,58629658.738354154,13977.0
300.0,140.0,63793.96582195774,6891.868883812611,0.10803324099722994,11377.768668827559,942.4777960769379,2446.613453753477,6202681.99543135,57414569.23976196,11932.8
300.0,100.0,63793.96582195774,6891.868883812611,0.10803324099722994,8274.660525244242,942.4777960769379,1895.263943048468,6202681.99543135,57414569.23976196,8787.1
300.0,140.0,57255.52611167398,13430.308594096372,0.23456790123456803,14193.715608918686,942.4777960769379,6177.94195328433,12087277.734686734,51529973.50050658,15998.3
300.0,120.0,65144.06526483795,5541.769440932403,0.08506944444444457,9341.274428036966,942.4777960769379,1523.9865962564108,4987592.496839163,58629658.738354154,9544.3
300.0,180.0,65144.06526483795,5541.769440932403,0.08506944444444457,13028.247566289947,942.4777960769379,1302.315818619115,4987592.496839163,58629658.738354154,12499.6
300.0,120.0,63793.96582195774,6891.868883812611,0.10803324099722994,9550.539841683398,942.4777960769379,1895.263943048468,6202681.99543135,57414569.23976196,9907.0
300.0,140.0,61575.216010359945,9110.618695410405,0.14795918367346947,11854.799878321086,942.4777960769379,3234.269636870694,8199556.825869365,55417694.40932395,12727.6
300.0,200.0,57255.52611167398,13430.308594096372,0.23456790123456803,17629.047175619125,942.4777960769379,6177.94195328433,12087277.734686734,51529973.50050658,18980.3
300.0,140.0,61575.216010359945,9110.618695410405,0.14795918367346947,12811.414841339178,942.4777960769379,4190.884599888786,8199556.825869365,55417694.40932395,14251.5
300.0,100.0,57255.52611167398,13430.308594096372,0.23456790123456803,10493.31216207161,942.4777960769379,4767.759550904211,12087277.734686734,51529973.50050658,11973.8
300.0,140.0,65144.06526483795,5541.769440932403,0.08506944444444457,10422.48495569643,942.4777960769379,1302.315818619115,4987592.496839163,58629658.738354154,10212.2
300.0,120.0,63793.96582195774,6891.868883812611,0.10803324099722994,10101.889352388405,942.4777960769379,2446.613453753477,6202681.99543135,57414569.23976196,10826.7
300.0,120.0,63793.96582195774,6891.868883812611,0.10803324099722994,9274.865086330892,942.4777960769379,1619.5891876959636,6202681.99543135,57414569.23976196,9397.8
300.0,200.0,63793.96582195774,6891.868883812611,0.10803324099722994,15205.406618145025,942.4777960769379,2446.613453753477,6202681.99543135,57414569.23976196,15267.0
300.0,160.0,57255.52611167398,13430.308594096372,0.23456790123456803,15338.826131152167,942.4777960769379,6177.94195328433,12087277.734686734,51529973.50050658,16957.8
300.0,100.0,57255.52611167398,13430.308594096372,0.23456790123456803,8881.675130780044,942.4777960769379,3156.1225196126475,12087277.734686734,51529973.50050658,9567.4
300.0,120.0,61575.216010359945,9110.618695410405,0.14795918367346947,11579.91052113198,942.4777960769379,4190.884599888786,8199556.825869365,55417694.40932395,13210.3
300.0,180.0,61575.216010359945,9110.618695410405,0.14795918367346947,13224.534275286234,942.4777960769379,2140.995393421445,8199556.825869365,55417694.40932395,13043.2
300.0,200.0,63793.96582195774,6891.868883812611,0.10803324099722994,14654.057107440016,942.4777960769379,1895.263943048468,6202681.99543135,57414569.23976196,14269.6
400.0,180.0,115811.67158193413,9852.034561657594,0.08506944444444448,25378.036783110634,1256.6370614359173,4531.935898362493,11822441.473989112,138974005.89832097,25990.9
400.0,180.0,101787.60197630929,23876.104167282436,0.234567901234568,26797.785335120934,1256.6370614359173,8476.016979385264,28651325.000738923,122145122.37157115,27933.2
400.0,120.0,101787.60197630929,23876.104167282436,0.234567901234568,20690.529216542378,1256.6370614359173,8476.016979385264,28651325.000738923,122145122.37157115,22811.4
400.0,120.0,113411.49479459153,12252.211349000194,0.10803324099722993,19245.396595891074,1256.6370614359173,5636.0172205400895,14702653.618800232,136093793.75350985,21348.0
400.0,180.0,113411.49479459153,12252.211349000194,0.10803324099722993,23293.338730041523,1256.6370614359173,2879.2696670150453,14702653.618800232,136093793.75350985,22386.1
400.0,180.0,101787.60197630929,23876.104167282436,0.234567901234568,29304.77627268559,1256.6370614359173,10983.00791694992,28651325.000738923,122145122.37157115,31630.2
400.0,180.0,113411.49479459153,12252.211349000194,0.10803324099722993,26050.086283566565,1256.6370614359173,5636.0172205400895,14702653.618800232,136093793.75350985,27121.9
400.0,160.0,109506.1495509875,16157.556592604233,0.14754930804211194,23256.916518532504,1256.6370614359173,5735.932590374502,19389067.91112508,131407379.461185,24258.3
400.0,100.0,113411.49479459153,12252.211349000194,0.10803324099722993,15690.684508354223,1256.6370614359173,4349.5350288950685,14702653.618800232,136093793.75350985,17145.6
400.0,100.0,109506.1495509875,16157.556592604233,0.14754930804211194,18383.090987696694,1256.6370614359173,7432.476032597947,19389067.91112508,131407379.461185,21371.8
400.0,200.0,109506.1495509875,16157.556592604233,0.14754930804211194,29333.70594279545,1256.6370614359173,7432.476032597947,19389067.91112508,131407379.461185,30670.1
400.0,140.0,109506.1495509875,16157.556592604233,0.14754930804211194,19127.886736400247,1256.6370614359173,3797.0257992619945,19389067.91112508,131407379.461185,19239.2
400.0,100.0,109506.1495509875,16157.556592604233,0.14754930804211194,16686.54754547325,1256.6370614359173,5735.932590374502,19389067.91112508,131407379.461185,18676.4
400.0,200.0,109506.1495509875,16157.556592604233,0.14754930804211194,25698.255709459496,1256.6370614359173,3797.0257992619945,19389067.91112508,131407379.461185,24738.4
400.0,200.0,101787.60197630929,23876.104167282436,0.234567901234568,25968.404874573233,1256.6370614359173,5610.884479311372,28651325.000738923,122145122.37157115,25548.6
400.0,160.0,101787.60197630929,23876.104167282436,0.234567901234568,24762.033295594752,1256.6370614359173,8476.016979385264,28651325.000738923,122145122.37157115,26239.9
400.0,160.0,109506.1495509875,16157.556592604233,0.14754930804211194,21318.009727419994,1256.6370614359173,3797.0257992619945,19389067.91112508,131407379.461185,21045.1
400.0,200.0,115811.67158193413,9852.034561657594,0.08506944444444448,27694.270214749322,1256.6370614359173,4531.935898362493,11822441.473989112,138974005.89832097,28044.2
400.0,140.0,115811.67158193413,9852.034561657594,0.08506944444444448,19711.106290859225,1256.6370614359173,3497.472269388446,11822441.473989112,138974005.89832097,20231.4
400.0,200.0,109506.1495509875,16157.556592604233,0.14754930804211194,27637.162500572005,1256.6370614359173,5735.932590374502,19389067.91112508,131407379.461185,27862.8
400.0,140.0,113411.49479459153,12252.211349000194,0.10803324099722993,19246.967392217866,1256.6370614359173,3369.358120975053,14702653.618800232,136093793.75350985,19373.9
400.0,180.0,101787.60197630929,23876.104167282436,0.234567901234568,23932.652835047043,1256.6370614359173,5610.884479311372,28651325.000738923,122145122.37157115,23815.9
400.0,160.0,109506.1495509875,16157.556592604233,0.14754930804211194,21964.311991124163,1256.6370614359173,4443.328062966164,19389067.91112508,131407379.461185,22164.1
400.0,140.0,113411.49479459153,12252.211349000194,0.10803324099722993,18756.878938257858,1256.6370614359173,2879.2696670150453,14702653.618800232,136093793.75350985,18461.2
400.0,140.0,109506.1495509875,16157.556592604233,0.14754930804211194,19774.189000104412,1256.6370614359173,4443.328062966164,19389067.91112508,131407379.461185,20259.4
400.0,200.0,115811.67158193413,9852.034561657594,0.08506944444444448,26659.80658577527,1256.6370614359173,3497.472269388446,11822441.473989112,138974005.89832097,26164.4
400.0,160.0,115811.67158193413,9852.034561657594,0.08506944444444448,22027.339722497905,1256.6370614359173,3497.472269388446,11822441.473989112,138974005.89832097,22216.3
400.0,100.0,115811.67158193413,9852.034561657594,0.08506944444444448,16113.103056555907,1256.6370614359173,4531.935898362493,11822441.473989112,138974005.89832097,18190.9
400.0,160.0,101787.60197630929,23876.104167282436,0.234567901234568,22851.944962212157,1256.6370614359173,6565.92864600267,28651325.000738923,122145122.37157115,23399.6
400.0,120.0,109506.1495509875,16157.556592604233,0.14754930804211194,17584.066009084665,1256.6370614359173,4443.328062966164,19389067.91112508,131407379.461185,18380.5
400.0,180.0,113411.49479459153,12252.211349000194,0.10803324099722993,24763.604091921545,1256.6370614359173,4349.5350288950685,14702653.618800232,136093793.75350985,24922.7
400.0,200.0,101787.60197630929,23876.104167282436,0.234567901234568,26923.44904126453,1256.6370614359173,6565.92864600267,28651325.000738923,122145122.37157115,26910.2
400.0,140.0,101787.60197630929,23876.104167282436,0.234567901234568,19861.148755994673,1256.6370614359173,5610.884479311372,28651325.000738923,122145122.37157115,20341.5
400.0,100.0,101787.60197630929,23876.104167282436,0.234567901234568,21161.768114580846,1256.6370614359173,10983.00791694992,28651325.000738923,122145122.37157115,24763.1
400.0,120.0,101787.60197630929,23876.104167282436,0.234567901234568,17825.396716468487,1256.6370614359173,5610.884479311372,28651325.000738923,122145122.37157115,18554.2
400.0,100.0,115811.67158193413,9852.034561657594,0.08506944444444448,15078.63942758186,1256.6370614359173,3497.472269388446,11822441.473989112,138974005.89832097,16289.6
400.0,200.0,109506.1495509875,16157.556592604233,0.14754930804211194,26344.557973163664,1256.6370614359173,4443.328062966164,19389067.91112508,131407379.461185,25895.2
400.0,120.0,115811.67158193413,9852.034561657594,0.08506944444444448,17394.87285922054,1256.6370614359173,3497.472269388446,11822441.473989112,138974005.89832097,18243.1
400.0,200.0,113411.49479459153,12252.211349000194,0.10803324099722993,25561.568625933352,1256.6370614359173,2879.2696670150453,14702653.618800232,136093793.75350985,24326.9
400.0,120.0,115811.67158193413,9852.034561657594,0.08506944444444448,16212.628711821631,1256.6370614359173,2315.228121989535,11822441.473989112,138974005.89832097,16099.6
400.0,100.0,101787.60197630929,23876.104167282436,0.234567901234568,16744.6888436336,1256.6370614359173,6565.92864600267,28651325.000738923,122145122.37157115,18288.6
400.0,100.0,109506.1495509875,16157.556592604233,0.14754930804211194,14747.640754360746,1256.6370614359173,3797.0257992619945,19389067.91112508,131407379.461185,15487.7
400.0,180.0,101787.60197630929,23876.104167282436,0.234567901234568,24887.69700173834,1256.6370614359173,6565.92864600267,28651325.000738923,122145122.37157115,25213.0
400.0,180.0,115811.67158193413,9852.034561657594,0.08506944444444448,23555.410389203982,1256.6370614359173,2709.3095044558386,11822441.473989112,138974005.89832097,22754.5
400.0,120.0,109506.1495509875,16157.556592604233,0.14754930804211194,18876.670536493002,1256.6370614359173,5735.932590374502,19389067.91112508,131407379.461185,20541.8
400.0,140.0,115811.67158193413,9852.034561657594,0.08506944444444448,20745.569919833273,1256.6370614359173,4531.935898362493,11822441.473989112,138974005.89832097,22125.9
400.0,200.0,113411.49479459153,12252.211349000194,0.10803324099722993,28318.316179458394,1256.6370614359173,5636.0172205400895,14702653.618800232,136093793.75350985,29065.0
400.0,160.0,113411.49479459153,12252.211349000194,0.10803324099722993,22495.374196029716,1256.6370614359173,4349.5350288950685,14702653.618800232,136093793.75350985,22949.0
400.0,160.0,109506.1495509875,16157.556592604233,0.14754930804211194,24953.459960755947,1256.6370614359173,7432.476032597947,19389067.91112508,131407379.461185,26987.5
400.0,140.0,115811.67158193413,9852.034561657594,0.08506944444444448,18922.94352592662,1256.6370614359173,2709.3095044558386,11822441.473989112,138974005.89832097,18791.2
400.0,100.0,113411.49479459153,12252.211349000194,0.10803324099722993,14220.4191464742,1256.6370614359173,2879.2696670150453,14702653.618800232,136093793.75350985,14566.0
400.0,140.0,113411.49479459153,12252.211349000194,0.10803324099722993,21513.626491782903,1256.6370614359173,5636.0172205400895,14702653.618800232,136093793.75350985,23258.1
400.0,180.0,113411.49479459153,12252.211349000194,0.10803324099722993,23783.42718400153,1256.6370614359173,3369.358120975053,14702653.618800232,136093793.75350985,23179.0
400.0,160.0,113411.49479459153,12252.211349000194,0.10803324099722993,21515.197288109703,1256.6370614359173,3369.358120975053,14702653.618800232,136093793.75350985,21205.2
400.0,180.0,109506.1495509875,16157.556592604233,0.14754930804211194,25447.03950955225,1256.6370614359173,5735.932590374502,19389067.91112508,131407379.461185,26129.7
400.0,160.0,115811.67158193413,9852.034561657594,0.08506944444444448,20845.095575098996,1256.6370614359173,2315.228121989535,11822441.473989112,138974005.89832097,19921.5
400.0,100.0,113411.49479459153,12252.211349000194,0.10803324099722993,16977.16669999924,1256.6370614359173,5636.0172205400895,14702653.618800232,136093793.75350985,19404.7
400.0,120.0,109506.1495509875,16157.556592604233,0.14754930804211194,16937.763745380496,1256.6370614359173,3797.0257992619945,19389067.91112508,131407379.461185,17368.3
400.0,160.0,113411.49479459153,12252.211349000194,0.10803324099722993,21025.10883414969,1256.6370614359173,2879.2696670150453,14702653.618800232,136093793.75350985,20428.9
400.0,100.0,115811.67158193413,9852.034561657594,0.08506944444444448,14290.476662649251,1256.6370614359173,2709.3095044558386,11822441.473989112,138974005.89832097,14761.1
400.0,140.0,101787.60197630929,23876.104167282436,0.234567901234568,20816.19292268597,1256.6370614359173,6565.92864600267,28651325.000738923,122145122.37157115,21753.2
400.0,160.0,101787.60197630929,23876.104167282436,0.234567901234568,21896.90079552086,1256.6370614359173,5610.884479311372,28651325.000738923,122145122.37157115,22076.6
400.0,120.0,101787.60197630929,23876.104167282436,0.234567901234568,23197.520154107035,1256.6370614359173,10983.00791694992,28651325.000738923,122145122.37157115,26381.8
400.0,100.0,109506.1495509875,16157.556592604233,0.14754930804211194,15393.943018064914,1256.6370614359173,4443.328062966164,19389067.91112508,131407379.461185,16484.3
400.0,160.0,115811.67158193413,9852.034561657594,0.08506944444444448,23061.803351471954,1256.6370614359173,4531.935898362493,11822441.473989112,138974005.89832097,24089.9
400.0,200.0,101787.60197630929,23876.104167282436,0.234567901234568,28833.537374647123,1256.6370614359173,8476.016979385264,28651325.000738923,122145122.37157115,29724.0
400.0,120.0,115811.67158193413,9852.034561657594,0.08506944444444448,18429.33648819459,1256.6370614359173,4531.935898362493,11822441.473989112,138974005.89832097,20156.5
400.0,160.0,113411.49479459153,12252.211349000194,0.10803324099722993,23781.856387674736,1256.6370614359173,5636.0172205400895,14702653.618800232,136093793.75350985,25212.2
400.0,140.0,101787.60197630929,23876.104167282436,0.234567901234568,22726.281256068563,1256.6370614359173,8476.016979385264,28651325.000738923,122145122.37157115,24543.8
400.0,180.0,115811.67158193413,9852.034561657594,0.08506944444444448,24343.573154136586,1256.6370614359173,3497.472269388446,11822441.473989112,138974005.89832097,24193.2
400.0,200.0,115811.67158193413,9852.034561657594,0.08506944444444448,25477.56243837636,1256.6370614359173,2315.228121989535,11822441.473989112,138974005.89832097,23923.0
400.0,180.0,109506.1495509875,16157.556592604233,0.14754930804211194,27143.582951775697,1256.6370614359173,7432.476032597947,19389067.91112508,131407379.461185,28861.4
400.0,100.0,115811.67158193413,9852.034561657594,0.08506944444444448,13896.39528018295,1256.6370614359173,2315.228121989535,11822441.473989112,138974005.89832097,14122.2
400.0,160.0,115811.67158193413,9852.034561657594,0.08506944444444448,21239.1769575653,1256.6370614359173,2709.3095044558386,11822441.473989112,138974005.89832097,20767.1
400.0,120.0,101787.60197630929,23876.104167282436,0.234567901234568,18780.440883159787,1256.6370614359173,6565.92864600267,28651325.000738923,122145122.37157115,20000.0
400.0,180.0,109506.1495509875,16157.556592604233,0.14754930804211194,24154.434982143914,1256.6370614359173,4443.328062966164,19389067.91112508,131407379.461185,24028.3
400.0,200.0,115811.67158193413,9852.034561657594,0.08506944444444448,25871.643820842666,1256.6370614359173,2709.3095044558386,11822441.473989112,138974005.89832097,24591.3
400.0,140.0,113411.49479459153,12252.211349000194,0.10803324099722993,20227.144300137887,1256.6370614359173,4349.5350288950685,14702653.618800232,136093793.75350985,21014.0
400.0,100.0,113411.49479459153,12252.211349000194,0.10803324099722993,14710.507600434206,1256.6370614359173,3369.358120975053,14702653.618800232,136093793.75350985,15492.6
400.0,140.0,101787.60197630929,23876.104167282436,0.234567901234568,25233.27219363322,1256.6370614359173,10983.00791694992,28651325.000738923,122145122.37157115,28174.2
400.0,120.0,115811.67158193413,9852.034561657594,0.08506944444444448,16606.710094287933,1256.6370614359173,2709.3095044558386,11822441.473989112,138974005.89832097,16809.5
400.0,180.0,115811.67158193413,9852.034561657594,0.08506944444444448,23161.329006737677,1256.6370614359173,2315.228121989535,11822441.473989112,138974005.89832097,21988.0
400.0,120.0,113411.49479459153,12252.211349000194,0.10803324099722993,16978.737496326037,1256.6370614359173,3369.358120975053,14702653.618800232,136093793.75350985,17440.6
400.0,140.0,109506.1495509875,16157.556592604233,0.14754930804211194,21066.793527512753,1256.6370614359173,5735.932590374502,19389067.91112508,131407379.461185,22401.5
400.0,200.0,101787.60197630929,23876.104167282436,0.234567901234568,31340.528312211776,1256.6370614359173,10983.00791694992,28651325.000738923,122145122.37157115,33356.1
400.0,140.0,109506.1495509875,16157.556592604233,0.14754930804211194,22763.336969736196,1256.6370614359173,7432.476032597947,19389067.91112508,131407379.461185,25091.3
400.0,100.0,101787.60197630929,23876.104167282436,0.234567901234568,18654.777177016193,1256.6370614359173,8476.016979385264,28651325.000738923,122145122.37157115,21094.4
400.0,140.0,115811.67158193413,9852.034561657594,0.08506944444444448,18528.862143460316,1256.6370614359173,2315.228121989535,11822441.473989112,138974005.89832097,17973.4
400.0,120.0,113411.49479459153,12252.211349000194,0.10803324099722993,17958.914404246054,1256.6370614359173,4349.5350288950685,14702653.618800232,136093793.75350985,19134.8
400.0,120.0,113411.49479459153,12252.211349000194,0.10803324099722993,16488.64904236603,1256.6370614359173,2879.2696670150453,14702653.618800232,136093793.75350985,16536.6
400.0,200.0,113411.49479459153,12252.211349000194,0.10803324099722993,27031.833987813377,1256.6370614359173,4349.5350288950685,14702653.618800232,136093793.75350985,26855.9
400.0,160.0,101787.60197630929,23876.104167282436,0.234567901234568,27269.02423315941,1256.6370614359173,10983.00791694992,28651325.000738923,122145122.37157115,29835.3
400.0,100.0,101787.60197630929,23876.104167282436,0.234567901234568,15789.6446769423,1256.6370614359173,5610.884479311372,28651325.000738923,122145122.37157115,16815.9
400.0,120.0,109506.1495509875,16157.556592604233,0.14754930804211194,20573.21397871645,1256.6370614359173,7432.476032597947,19389067.91112508,131407379.461185,23274.0
400.0,180.0,109506.1495509875,16157.556592604233,0.14754930804211194,23508.13271843974,1256.6370614359173,3797.0257992619945,19389067.91112508,131407379.461185,22897.6
400.0,200.0,113411.49479459153,12252.211349000194,0.10803324099722993,26051.65707989336,1256.6370614359173,3369.358120975053,14702653.618800232,136093793.75350985,25086.5
500.0,180.0,180955.73684677208,15393.804002589983,0.08506944444444442,39653.18247361037,1570.7963267948965,7081.149841191393,23090706.003884975,271433605.2701581,40611.0
500.0,180.0,159043.12808798326,37306.4127613788,0.23456790123456797,41871.53958612646,1570.7963267948965,13243.776530289475,55959619.1420682,238564692.1319749,43644.6
500.0,120.0,159043.12808798326,37306.4127613788,0.23456790123456797,32328.951900847464,1570.7963267948965,13243.776530289475,55959619.1420682,238564692.1319749,35641.9
500.0,120.0,177205.46061654927,19144.08023281279,0.10803324099722984,30070.932181079792,1570.7963267948965,8806.276907093883,28716120.349219184,265808190.9248239,33356.4
500.0,180.0,177205.46061654927,19144.08023281279,0.10803324099722984,36395.841765689875,1570.7963267948965,4498.858854711006,28716120.349219184,265808190.9248239,34983.6
500.0,180.0,159043.12808798326,37306.4127613788,0.23456790123456797,45788.71292607123,1570.7963267948965,17160.949870234246,55959619.1420682,238564692.1319749,49422.3
500.0,180.0,177205.46061654927,19144.08023281279,0.10803324099722984,40703.25981807275,1570.7963267948965,8806.276907093883,28716120.349219184,265808190.9248239,42377.3
500.0,160.0,170993.40096704697,25356.139882315096,0.14828724230826668,36360.37381294937,1570.7963267948965,9001.42965822186,38034209.82347264,256490101.45057046,37933.1
500.0,100.0,177205.46061654927,19144.08023281279,0.10803324099722984,24516.69454430347,1570.7963267948965,6796.14848264854,28716120.349219184,265808190.9248239,26790.8
500.0,100.0,170993.40096704697,25356.139882315096,0.14828724230826668,28763.16444256964,1570.7963267948965,11663.824345864945,38034209.82347264,256490101.45057046,33443.9
500.0,200.0,170993.40096704697,25356.139882315096,0.14828724230826668,45862.504539274334,1570.7963267948965,11663.824345864945,38034209.82347264,256490101.45057046,47960.2
500.0,140.0,170993.40096704697,25356.139882315096,0.14828724230826668,29897.76900773062,1570.7963267948965,5958.692872344048,38034209.82347264,256490101.45057046,30058.9
500.0,100.0,170993.40096704697,25356.139882315096,0.14828724230826668,26100.769754926554,1570.7963267948965,9001.42965822186,38034209.82347264,256490101.45057046,29222.3
500.0,200.0,170993.40096704697,25356.139882315096,0.14828724230826668,40157.37306575344,1570.7963267948965,5958.692872344048,38034209.82347264,256490101.45057046,38663.9
500.0,200.0,159043.12808798326,37306.4127613788,0.23456790123456797,40575.63261652067,1570.7963267948965,8767.006998924018,55959619.1420682,238564692.1319749,39919.0
500.0,160.0,159043.12808798326,37306.4127613788,0.23456790123456797,38690.67702436679,1570.7963267948965,13243.776530289475,55959619.1420682,238564692.1319749,41055.1
500.0,160.0,170993.40096704697,25356.139882315096,0.14828724230826668,33317.63702707156,1570.7963267948965,5958.692872344048,38034209.82347264,256490101.45057046,32896.6
500.0,200.0,180955.73684677208,15393.804002589983,0.08506944444444442,43272.29721054581,1570.7963267948965,7081.149841191393,23090706.003884975,271433605.2701581,43819.1
500.0,140.0,180955.73684677208,15393.804002589983,0.08506944444444442,30798.603579467534,1570.7963267948965,5464.800420919443,23090706.003884975,271433605.2701581,31611.3
500.0,200.0,170993.40096704697,25356.139882315096,0.14828724230826668,43200.109851631256,1570.7963267948965,9001.42965822186,38034209.82347264,256490101.45057046,43563.4
500.0,140.0,177205.46061654927,19144.08023281279,0.10803324099722984,30073.386550340416,1570.7963267948965,5264.622064023517,28716120.349219184,265808190.9248239,30244.2
500.0,180.0,159043.12808798326,37306.4127613788,0.23456790123456797,37394.77005476101,1570.7963267948965,8767.006998924018,55959619.1420682,238564692.1319749,37211.0
500.0,160.0,170993.40096704697,25356.139882315096,0.14828724230826668,34331.882622364166,1570.7963267948965,6972.938467636652,38034209.82347264,256490101.45057046,34651.9
500.0,140.0,177205.46061654927,19144.08023281279,0.10803324099722984,29307.623341027902,1570.7963267948965,4498.858854711006,28716120.349219184,265808190.9248239,28845.4
500.0,140.0,170993.40096704697,25356.139882315096,0.14828724230826668,30912.014603023228,1570.7963267948965,6972.938467636652,38034209.82347264,256490101.45057046,31675.9
500.0,200.0,180955.73684677208,15393.804002589983,0.08506944444444442,41655.94779027386,1570.7963267948965,5464.800420919443,23090706.003884975,271433605.2701581,40881.8
500.0,160.0,180955.73684677208,15393.804002589983,0.08506944444444442,34417.71831640297,1570.7963267948965,5464.800420919443,23090706.003884975,271433605.2701581,34712.9
500.0,100.0,180955.73684677208,15393.804002589983,0.08506944444444442,25176.7235258686,1570.7963267948965,7081.149841191393,23090706.003884975,271433605.2701581,28423.2
500.0,160.0,159043.12808798326,37306.4127613788,0.23456790123456797,35706.16400345649,1570.7963267948965,10259.26350937917,55959619.1420682,238564692.1319749,36667.0
500.0,120.0,170993.40096704697,25356.139882315096,0.14828724230826668,27492.146583682286,1570.7963267948965,6972.938467636652,38034209.82347264,256490101.45057046,28748.4
500.0,180.0,177205.46061654927,19144.08023281279,0.10803324099722984,38693.1313936274,1570.7963267948965,6796.14848264854,28716120.349219184,265808190.9248239,38940.8
500.0,200.0,159043.12808798326,37306.4127613788,0.23456790123456797,42067.88912697582,1570.7963267948965,10259.26350937917,55959619.1420682,238564692.1319749,42047.3
500.0,140.0,159043.12808798326,37306.4127613788,0.23456790123456797,31033.044931241675,1570.7963267948965,8767.006998924018,55959619.1420682,238564692.1319749,31716.5
500.0,100.0,159043.12808798326,37306.4127613788,0.23456790123456797,33065.262679032574,1570.7963267948965,17160.949870234246,55959619.1420682,238564692.1319749,38694.2
500.0,120.0,159043.12808798326,37306.4127613788,0.23456790123456797,27852.182369482012,1570.7963267948965,8767.006998924018,55959619.1420682,238564692.1319749,28990.9
500.0,100.0,180955.73684677208,15393.804002589983,0.08506944444444442,23560.374105596653,1570.7963267948965,5464.800420919443,23090706.003884975,271433605.2701581,25452.7
500.0,200.0,170993.40096704697,25356.139882315096,0.14828724230826668,41171.61866104604,1570.7963267948965,6972.938467636652,38034209.82347264,256490101.45057046,40483.3
500.0,120.0,180955.73684677208,15393.804002589983,0.08506944444444442,27179.488842532093,1570.7963267948965,5464.800420919443,23090706.003884975,271433605.2701581,28505.0
500.0,200.0,177205.46061654927,19144.08023281279,0.10803324099722984,39939.95097802086,1570.7963267948965,4498.858854711006,28716120.349219184,265808190.9248239,38006.8
500.0,120.0,180955.73684677208,15393.804002589983,0.08506944444444442,25332.232362221297,1570.7963267948965,3617.5439406086457,23090706.003884975,271433605.2701581,25085.9
500.0,100.0,159043.12808798326,37306.4127613788,0.23456790123456797,26163.5763181775,1570.7963267948965,10259.26350937917,55959619.1420682,238564692.1319749,28575.8
500.0,100.0,170993.40096704697,25356.139882315096,0.14828724230826668,23058.03296904874,1570.7963267948965,5958.692872344048,38034209.82347264,256490101.45057046,24219.5
500.0,180.0,159043.12808798326,37306.4127613788,0.23456790123456797,38887.026565216154,1570.7963267948965,10259.26350937917,55959619.1420682,238564692.1319749,39245.7
500.0,180.0,180955.73684677208,15393.804002589983,0.08506944444444442,36805.328733131224,1570.7963267948965,4233.296100712245,23090706.003884975,271433605.2701581,35554.6
500.0,120.0,170993.40096704697,25356.139882315096,0.14828724230826668,29520.637774267496,1570.7963267948965,9001.42965822186,38034209.82347264,256490101.45057046,32132.1
500.0,140.0,180955.73684677208,15393.804002589983,0.08506944444444442,32414.952999739482,1570.7963267948965,7081.149841191393,23090706.003884975,271433605.2701581,34571.3
500.0,200.0,177205.46061654927,19144.08023281279,0.10803324099722984,44247.36903040374,1570.7963267948965,8806.276907093883,28716120.349219184,265808190.9248239,45413.1
500.0,160.0,177205.46061654927,19144.08023281279,0.10803324099722984,35149.02218129642,1570.7963267948965,6796.14848264854,28716120.349219184,265808190.9248239,35856.5
500.0,160.0,170993.40096704697,25356.139882315096,0.14828724230826668,39022.76850059246,1570.7963267948965,11663.824345864945,38034209.82347264,256490101.45057046,42214.0
500.0,140.0,180955.73684677208,15393.804002589983,0.08506944444444442,29567.099259260332,1570.7963267948965,4233.296100712245,23090706.003884975,271433605.2701581,29383.7
500.0,100.0,177205.46061654927,19144.08023281279,0.10803324099722984,22219.404916365937,1570.7963267948965,4498.858854711006,28716120.349219184,265808190.9248239,22758.9
500.0,140.0,177205.46061654927,19144.08023281279,0.10803324099722984,33615.04139341078,1570.7963267948965,8806.276907093883,28716120.349219184,265808190.9248239,36340.2
500.0,180.0,177205.46061654927,19144.08023281279,0.10803324099722984,37161.60497500239,1570.7963267948965,5264.622064023517,28716120.349219184,265808190.9248239,36215.2
500.0,160.0,177205.46061654927,19144.08023281279,0.10803324099722984,33617.495762671395,1570.7963267948965,5264.622064023517,28716120.349219184,265808190.9248239,33133.1
500.0,180.0,170993.40096704697,25356.139882315096,0.14828724230826668,39780.24183229032,1570.7963267948965,9001.42965822186,38034209.82347264,256490101.45057046,40860.8
500.0,160.0,180955.73684677208,15393.804002589983,0.08506944444444442,32570.461836092178,1570.7963267948965,3617.5439406086457,23090706.003884975,271433605.2701581,31127.5
500.0,100.0,177205.46061654927,19144.08023281279,0.10803324099722984,26526.822968748813,1570.7963267948965,8806.276907093883,28716120.349219184,265808190.9248239,30320.0
500.0,120.0,170993.40096704697,25356.139882315096,0.14828724230826668,26477.900988389683,1570.7963267948965,5958.692872344048,38034209.82347264,256490101.45057046,27156.6
500.0,160.0,177205.46061654927,19144.08023281279,0.10803324099722984,32851.73255335889,1570.7963267948965,4498.858854711006,28716120.349219184,265808190.9248239,31960.0
500.0,100.0,180955.73684677208,15393.804002589983,0.08506944444444442,22328.869785389452,1570.7963267948965,4233.296100712245,23090706.003884975,271433605.2701581,23064.2
500.0,140.0,159043.12808798326,37306.4127613788,0.23456790123456797,32525.301441696825,1570.7963267948965,10259.26350937917,55959619.1420682,238564692.1319749,33840.4
500.0,160.0,159043.12808798326,37306.4127613788,0.23456790123456797,34213.907493001345,1570.7963267948965,8767.006998924018,55959619.1420682,238564692.1319749,34494.0
500.0,120.0,159043.12808798326,37306.4127613788,0.23456790123456797,36246.12524079224,1570.7963267948965,17160.949870234246,55959619.1420682,238564692.1319749,41221.6
500.0,100.0,170993.40096704697,25356.139882315096,0.14828724230826668,24072.278564341348,1570.7963267948965,6972.938467636652,38034209.82347264,256490101.45057046,25782.7
500.0,160.0,180955.73684677208,15393.804002589983,0.08506944444444442,36034.06773667492,1570.7963267948965,7081.149841191393,23090706.003884975,271433605.2701581,37644.9
500.0,200.0,159043.12808798326,37306.4127613788,0.23456790123456797,45052.402147886125,1570.7963267948965,13243.776530289475,55959619.1420682,238564692.1319749,46443.6
500.0,120.0,180955.73684677208,15393.804002589983,0.08506944444444442,28795.83826280404,1570.7963267948965,7081.149841191393,23090706.003884975,271433605.2701581,31494.3
500.0,160.0,177205.46061654927,19144.08023281279,0.10803324099722984,37159.15060574177,1570.7963267948965,8806.276907093883,28716120.349219184,265808190.9248239,39394.2
500.0,140.0,159043.12808798326,37306.4127613788,0.23456790123456797,35509.81446260713,1570.7963267948965,13243.776530289475,55959619.1420682,238564692.1319749,38349.3
500.0,180.0,180955.73684677208,15393.804002589983,0.08506944444444442,38036.833053338414,1570.7963267948965,5464.800420919443,23090706.003884975,271433605.2701581,37802.2
500.0,200.0,180955.73684677208,15393.804002589983,0.08506944444444442,39808.69130996306,1570.7963267948965,3617.5439406086457,23090706.003884975,271433605.2701581,37375.3
500.0,180.0,170993.40096704697,25356.139882315096,0.14828724230826668,42442.6365199334,1570.7963267948965,11663.824345864945,38034209.82347264,256490101.45057046,45141.5
500.0,100.0,180955.73684677208,15393.804002589983,0.08506944444444442,21713.117625285857,1570.7963267948965,3617.5439406086457,23090706.003884975,271433605.2701581,22066.8
500.0,160.0,180955.73684677208,15393.804002589983,0.08506944444444442,33186.21399619578,1570.7963267948965,4233.296100712245,23090706.003884975,271433605.2701581,32448.2
500.0,120.0,159043.12808798326,37306.4127613788,0.23456790123456797,29344.43887993716,1570.7963267948965,10259.26350937917,55959619.1420682,238564692.1319749,31249.6
500.0,180.0,170993.40096704697,25356.139882315096,0.14828724230826668,37751.750641705104,1570.7963267948965,6972.938467636652,38034209.82347264,256490101.45057046,37567.2
500.0,200.0,180955.73684677208,15393.804002589983,0.08506944444444442,40424.44347006667,1570.7963267948965,4233.296100712245,23090706.003884975,271433605.2701581,38623.9
500.0,140.0,177205.46061654927,19144.08023281279,0.10803324099722984,31604.912968965436,1570.7963267948965,6796.14848264854,28716120.349219184,265808190.9248239,32833.9
500.0,100.0,177205.46061654927,19144.08023281279,0.10803324099722984,22985.168125678447,1570.7963267948965,5264.622064023517,28716120.349219184,265808190.9248239,24211.2
500.0,140.0,159043.12808798326,37306.4127613788,0.23456790123456797,39426.9878025519,1570.7963267948965,17160.949870234246,55959619.1420682,238564692.1319749,44022.1
500.0,120.0,180955.73684677208,15393.804002589983,0.08506944444444442,25947.984522324896,1570.7963267948965,4233.296100712245,23090706.003884975,271433605.2701581,26208.0
500.0,180.0,180955.73684677208,15393.804002589983,0.08506944444444442,36189.57657302762,1570.7963267948965,3617.5439406086457,23090706.003884975,271433605.2701581,34355.3
500.0,120.0,177205.46061654927,19144.08023281279,0.10803324099722984,26529.27733800943,1570.7963267948965,5264.622064023517,28716120.349219184,265808190.9248239,27249.5
500.0,140.0,170993.40096704697,25356.139882315096,0.14828724230826668,32940.505793608434,1570.7963267948965,9001.42965822186,38034209.82347264,256490101.45057046,35038.0
500.0,200.0,159043.12808798326,37306.4127613788,0.23456790123456797,48969.5754878309,1570.7963267948965,17160.949870234246,55959619.1420682,238564692.1319749,52119.0
500.0,140.0,170993.40096704697,25356.139882315096,0.14828724230826668,35602.90048125152,1570.7963267948965,11663.824345864945,38034209.82347264,256490101.45057046,39250.9
500.0,100.0,159043.12808798326,37306.4127613788,0.23456790123456797,29148.0893390878,1570.7963267948965,13243.776530289475,55959619.1420682,238564692.1319749,32967.3
500.0,140.0,180955.73684677208,15393.804002589983,0.08506944444444442,28951.347099156737,1570.7963267948965,3617.5439406086457,23090706.003884975,271433605.2701581,28083.4
500.0,120.0,177205.46061654927,19144.08023281279,0.10803324099722984,28060.80375663445,1570.7963267948965,6796.14848264854,28716120.349219184,265808190.9248239,29898.4
500.0,120.0,177205.46061654927,19144.08023281279,0.10803324099722984,25763.51412869692,1570.7963267948965,4498.858854711006,28716120.349219184,265808190.9248239,25838.1
500.0,200.0,177205.46061654927,19144.08023281279,0.10803324099722984,42237.2406059584,1570.7963267948965,6796.14848264854,28716120.349219184,265808190.9248239,41960.9
500.0,160.0,159043.12808798326,37306.4127613788,0.23456790123456797,42607.85036431157,1570.7963267948965,17160.949870234246,55959619.1420682,238564692.1319749,46618.7
500.0,100.0,159043.12808798326,37306.4127613788,0.23456790123456797,24671.319807722346,1570.7963267948965,8767.006998924018,55959619.1420682,238564692.1319749,26274.9
500.0,120.0,170993.40096704697,25356.139882315096,0.14828724230826668,32183.032461910578,1570.7963267948965,11663.824345864945,38034209.82347264,256490101.45057046,36413.5
500.0,180.0,170993.40096704697,25356.139882315096,0.14828724230826668,36737.50504641251,1570.7963267948965,5958.692872344048,38034209.82347264,256490101.45057046,35790.0
500.0,200.0,177205.46061654927,19144.08023281279,0.10803324099722984,40705.714187333375,1570.7963267948965,5264.622064023517,28716120.349219184,265808190.9248239,39195.9
600.0,180.0,260576.2610593518,22167.077763729612,0.08506944444444457,57100.58276199894,1884.9555921538758,10196.85577131562,39900739.9747133,469037269.90683323,58479.9
600.0,180.0,229022.1044466959,53721.23437638549,0.23456790123456803,60295.017004022106,1884.9555921538758,19071.038203616845,96698221.87749387,412239788.00405264,62848.2
600.0,120.0,229022.1044466959,53721.23437638549,0.23456790123456803,46553.69073722036,1884.9555921538758,19071.038203616845,96698221.87749387,412239788.00405264,51323.7
600.0,120.0,255175.86328783096,27567.475535250443,0.10803324099722994,43302.142340754915,1884.9555921538758,12681.038746215203,49621455.9634508,459316553.9180957,48033.0
600.0,180.0,255175.86328783096,27567.475535250443,0.10803324099722994,52410.01214259343,1884.9555921538758,6478.356750783854,49621455.9634508,459316553.9180957,50379.3
600.0,180.0,229022.1044466959,53721.23437638549,0.23456790123456803,65935.7466135426,1884.9555921538758,24711.76781313732,96698221.87749387,412239788.00405264,71167.9
600.0,180.0,255175.86328783096,27567.475535250443,0.10803324099722994,58612.69413802477,1884.9555921538758,12681.038746215203,49621455.9634508,459316553.9180957,61022.6
600.0,160.0,246300.86404143978,36442.47478164162,0.14795918367346947,52345.216794113134,1884.9555921538758,12937.078547482775,65596454.60695492,443341555.2745916,54603.4
600.0,100.0,255175.86328783096,27567.475535250443,0.10803324099722994,35304.040143797,1884.9555921538758,9786.453815013909,49621455.9634508,459316553.9180957,38579.8
600.0,100.0,246300.86404143978,36442.47478164162,0.14795918367346947,41393.624803699124,1884.9555921538758,16763.538399555146,65596454.60695492,443341555.2745916,48126.3
600.0,200.0,246300.86404143978,36442.47478164162,0.14795918367346947,66023.71120784311,1884.9555921538758,16763.538399555146,65596454.60695492,443341555.2745916,69036.4
600.0,140.0,246300.86404143978,36442.47478164162,0.14795918367346947,43046.10253948735,1884.9555921538758,8563.98157368578,65596454.60695492,443341555.2745916,43273.0
600.0,100.0,246300.86404143978,36442.47478164162,0.14795918367346947,37567.16495162676,1884.9555921538758,12937.078547482775,65596454.60695492,443341555.2745916,42023.1
600.0,200.0,246300.86404143978,36442.47478164162,0.14795918367346947,57824.154381973734,1884.9555921538758,8563.98157368578,65596454.60695492,443341555.2745916,55668.2
600.0,200.0,229022.1044466959,53721.23437638549,0.23456790123456803,58428.91096778978,1884.9555921538758,12624.49007845059,96698221.87749387,412239788.00405264,57481.9
600.0,160.0,229022.1044466959,53721.23437638549,0.23456790123456803,55714.57491508819,1884.9555921538758,19071.038203616845,96698221.87749387,412239788.00405264,59119.4
600.0,160.0,246300.86404143978,36442.47478164162,0.14795918367346947,47972.11982031614,1884.9555921538758,8563.98157368578,65596454.60695492,443341555.2745916,47382.3
600.0,200.0,260576.2610593518,22167.077763729612,0.08506944444444457,62312.107983185975,1884.9555921538758,10196.85577131562,39900739.9747133,469037269.90683323,63099.6
600.0,140.0,260576.2610593518,22167.077763729612,0.08506944444444457,44349.989154433264,1884.9555921538758,7869.312606124013,39900739.9747133,469037269.90683323,45519.8
600.0,200.0,246300.86404143978,36442.47478164162,0.14795918367346947,62197.25135577073,1884.9555921538758,12937.078547482775,65596454.60695492,443341555.2745916,62713.5
600.0,140.0,255175.86328783096,27567.475535250443,0.10803324099722994,43305.676632490206,1884.9555921538758,7581.055772193872,49621455.9634508,459316553.9180957,43555.4
600.0,180.0,229022.1044466959,53721.23437638549,0.23456790123456803,53848.468878855856,1884.9555921538758,12624.49007845059,96698221.87749387,412239788.00405264,53583.4
600.0,160.0,246300.86404143978,36442.47478164162,0.14795918367346947,49429.818811581805,1884.9555921538758,10021.680564951446,65596454.60695492,443341555.2745916,49884.8
600.0,140.0,255175.86328783096,27567.475535250443,0.10803324099722994,42202.97761108018,1884.9555921538758,6478.356750783854,49621455.9634508,459316553.9180957,41537.0
600.0,140.0,246300.86404143978,36442.47478164162,0.14795918367346947,44503.801530753015,1884.9555921538758,10021.680564951446,65596454.60695492,443341555.2745916,45598.5
600.0,200.0,260576.2610593518,22167.077763729612,0.08506944444444457,59984.564817994375,1884.9555921538758,7869.312606124013,39900739.9747133,469037269.90683323,58869.5
600.0,160.0,260576.2610593518,22167.077763729612,0.08506944444444457,49561.514375620296,1884.9555921538758,7869.312606124013,39900739.9747133,469037269.90683323,49986.1
600.0,100.0,260576.2610593518,22167.077763729612,0.08506944444444457,36254.4818772508,1884.9555921538758,10196.85577131562,39900739.9747133,469037269.90683323,40929.3
600.0,160.0,229022.1044466959,53721.23437638549,0.23456790123456803,51416.87616497736,1884.9555921538758,14773.339453506009,96698221.87749387,412239788.00405264,52666.2
600.0,120.0,246300.86404143978,36442.47478164162,0.14795918367346947,39577.78424992422,1884.9555921538758,10021.680564951446,65596454.60695492,443341555.2745916,41375.3
600.0,180.0,255175.86328783096,27567.475535250443,0.10803324099722994,55718.10920682349,1884.9555921538758,9786.453815013909,49621455.9634508,459316553.9180957,56073.8
600.0,200.0,229022.1044466959,53721.23437638549,0.23456790123456803,60577.76034284519,1884.9555921538758,14773.339453506009,96698221.87749387,412239788.00405264,60548.3
600.0,140.0,229022.1044466959,53721.23437638549,0.23456790123456803,44687.584700988016,1884.9555921538758,12624.49007845059,96698221.87749387,412239788.00405264,45669.5
600.0,100.0,229022.1044466959,53721.23437638549,0.23456790123456803,47613.97825780691,1884.9555921538758,24711.76781313732,96698221.87749387,412239788.00405264,55721.3
600.0,120.0,229022.1044466959,53721.23437638549,0.23456790123456803,40107.14261205409,1884.9555921538758,12624.49007845059,96698221.87749387,412239788.00405264,41746.6
600.0,100.0,260576.2610593518,22167.077763729612,0.08506944444444457,33926.93871205919,1884.9555921538758,7869.312606124013,39900739.9747133,469037269.90683323,36652.2
600.0,200.0,246300.86404143978,36442.47478164162,0.14795918367346947,59281.8533732394,1884.9555921538758,10021.680564951446,65596454.60695492,443341555.2745916,58285.2
600.0,120.0,260576.2610593518,22167.077763729612,0.08506944444444457,39138.463933246225,1884.9555921538758,7869.312606124013,39900739.9747133,469037269.90683323,41047.3
600.0,200.0,255175.86328783096,27567.475535250443,0.10803324099722994,57513.52940835004,1884.9555921538758,6478.356750783854,49621455.9634508,459316553.9180957,54729.1
600.0,120.0,260576.2610593518,22167.077763729612,0.08506944444444457,36478.41460159867,1884.9555921538758,5209.26327447646,39900739.9747133,469037269.90683323,36123.6
600.0,100.0,229022.1044466959,53721.23437638549,0.23456790123456803,37675.5498981756,1884.9555921538758,14773.339453506009,96698221.87749387,412239788.00405264,41149.2
600.0,100.0,246300.86404143978,36442.47478164162,0.14795918367346947,33194.067977829756,1884.9555921538758,8563.98157368578,65596454.60695492,443341555.2745916,34862.7
600.0,180.0,229022.1044466959,53721.23437638549,0.23456790123456803,55997.318253911275,1884.9555921538758,14773.339453506009,96698221.87749387,412239788.00405264,56513.3
600.0,180.0,260576.2610593518,22167.077763729612,0.08506944444444457,52999.67337570897,1884.9555921538758,6095.946385025643,39900739.9747133,469037269.90683323,51199.3
600.0,120.0,246300.86404143978,36442.47478164162,0.14795918367346947,42493.182232455554,1884.9555921538758,12937.078547482775,65596454.60695492,443341555.2745916,46247.4
600.0,140.0,260576.2610593518,22167.077763729612,0.08506944444444457,46677.53231962487,1884.9555921538758,10196.85577131562,39900739.9747133,469037269.90683323,49672.9
600.0,200.0,255175.86328783096,27567.475535250443,0.10803324099722994,63716.21140378139,1884.9555921538758,12681.038746215203,49621455.9634508,459316553.9180957,65393.7
600.0,160.0,255175.86328783096,27567.475535250443,0.10803324099722994,50614.59194106686,1884.9555921538758,9786.453815013909,49621455.9634508,459316553.9180957,51631.7
600.0,160.0,246300.86404143978,36442.47478164162,0.14795918367346947,56171.67664618551,1884.9555921538758,16763.538399555146,65596454.60695492,443341555.2745916,60756.6
600.0,140.0,260576.2610593518,22167.077763729612,0.08506944444444457,42576.6229333349,1884.9555921538758,6095.946385025643,39900739.9747133,469037269.90683323,42279.1
600.0,100.0,255175.86328783096,27567.475535250443,0.10803324099722994,31995.943079566947,1884.9555921538758,6478.356750783854,49621455.9634508,459316553.9180957,32772.4
600.0,140.0,255175.86328783096,27567.475535250443,0.10803324099722994,48405.65960651153,1884.9555921538758,12681.038746215203,49621455.9634508,459316553.9180957,52329.2
600.0,180.0,255175.86328783096,27567.475535250443,0.10803324099722994,53512.71116400345,1884.9555921538758,7581.055772193872,49621455.9634508,459316553.9180957,52147.9
600.0,160.0,255175.86328783096,27567.475535250443,0.10803324099722994,48409.19389824683,1884.9555921538758,7581.055772193872,49621455.9634508,459316553.9180957,47711.6
600.0,180.0,246300.86404143978,36442.47478164162,0.14795918367346947,57271.23407494193,1884.9555921538758,12937.078547482775,65596454.60695492,443341555.2745916,58820.5
600.0,160.0,260576.2610593518,22167.077763729612,0.08506944444444457,46901.46504397275,1884.9555921538758,5209.26327447646,39900739.9747133,469037269.90683323,44823.2
600.0,100.0,255175.86328783096,27567.475535250443,0.10803324099722994,38198.625074998294,1884.9555921538758,12681.038746215203,49621455.9634508,459316553.9180957,43660.9
600.0,120.0,246300.86404143978,36442.47478164162,0.14795918367346947,38120.08525865856,1884.9555921538758,8563.98157368578,65596454.60695492,443341555.2745916,39093.2
600.0,160.0,255175.86328783096,27567.475535250443,0.10803324099722994,47306.494876836805,1884.9555921538758,6478.356750783854,49621455.9634508,459316553.9180957,46021.5
600.0,100.0,260576.2610593518,22167.077763729612,0.08506944444444457,32153.57249096082,1884.9555921538758,6095.946385025643,39900739.9747133,469037269.90683323,33212.4
600.0,140.0,229022.1044466959,53721.23437638549,0.23456790123456803,46836.434076043435,1884.9555921538758,14773.339453506009,96698221.87749387,412239788.00405264,48939.8
600.0,160.0,229022.1044466959,53721.23437638549,0.23456790123456803,49268.02678992194,1884.9555921538758,12624.49007845059,96698221.87749387,412239788.00405264,49670.5
600.0,120.0,229022.1044466959,53721.23437638549,0.23456790123456803,52194.42034674083,1884.9555921538758,24711.76781313732,96698221.87749387,412239788.00405264,59359.2
600.0,100.0,246300.86404143978,36442.47478164162,0.14795918367346947,34651.76696909542,1884.9555921538758,10021.680564951446,65596454.60695492,443341555.2745916,37110.2
600.0,160.0,260576.2610593518,22167.077763729612,0.08506944444444457,51889.057540811904,1884.9555921538758,10196.85577131562,39900739.9747133,469037269.90683323,54213.7
600.0,200.0,229022.1044466959,53721.23437638549,0.23456790123456803,64875.459092956036,1884.9555921538758,19071.038203616845,96698221.87749387,412239788.00405264,66878.8
600.0,120.0,260576.2610593518,22167.077763729612,0.08506944444444457,41466.00709843784,1884.9555921538758,10196.85577131562,39900739.9747133,469037269.90683323,45351.9
600.0,160.0,255175.86328783096,27567.475535250443,0.10803324099722994,53509.17687226815,1884.9555921538758,12681.038746215203,49621455.9634508,459316553.9180957,56727.8
600.0,140.0,229022.1044466959,53721.23437638549,0.23456790123456803,51134.13282615428,1884.9555921538758,19071.038203616845,96698221.87749387,412239788.00405264,55221.7
600.0,180.0,260576.2610593518,22167.077763729612,0.08506944444444457,54773.039596807335,1884.9555921538758,7869.312606124013,39900739.9747133,469037269.90683323,54435.4
600.0,200.0,260576.2610593518,22167.077763729612,0.08506944444444457,57324.51548634682,1884.9555921538758,5209.26327447646,39900739.9747133,469037269.90683323,53867.7
600.0,180.0,246300.86404143978,36442.47478164162,0.14795918367346947,61097.693927014305,1884.9555921538758,16763.538399555146,65596454.60695492,443341555.2745916,64432.0
600.0,100.0,260576.2610593518,22167.077763729612,0.08506944444444457,31266.88938041164,1884.9555921538758,5209.26327447646,39900739.9747133,469037269.90683323,31777.3
600.0,160.0,260576.2610593518,22167.077763729612,0.08506944444444457,47788.14815452193,1884.9555921538758,6095.946385025643,39900739.9747133,469037269.90683323,46724.6
600.0,120.0,229022.1044466959,53721.23437638549,0.23456790123456803,42255.99198710952,1884.9555921538758,14773.339453506009,96698221.87749387,412239788.00405264,44830.7
600.0,180.0,246300.86404143978,36442.47478164162,0.14795918367346947,54355.83609241061,1884.9555921538758,10021.680564951446,65596454.60695492,443341555.2745916,54084.3
600.0,200.0,260576.2610593518,22167.077763729612,0.08506944444444457,58211.198596896,1884.9555921538758,6095.946385025643,39900739.9747133,469037269.90683323,55617.7
600.0,140.0,255175.86328783096,27567.475535250443,0.10803324099722994,45511.074675310236,1884.9555921538758,9786.453815013909,49621455.9634508,459316553.9180957,47279.9
600.0,100.0,255175.86328783096,27567.475535250443,0.10803324099722994,33098.64210097697,1884.9555921538758,7581.055772193872,49621455.9634508,459316553.9180957,34864.8
600.0,140.0,229022.1044466959,53721.23437638549,0.23456790123456803,56774.862435674746,1884.9555921538758,24711.76781313732,96698221.87749387,412239788.00405264,63392.1
600.0,120.0,260576.2610593518,22167.077763729612,0.08506944444444457,37365.097712147865,1884.9555921538758,6095.946385025643,39900739.9747133,469037269.90683323,37739.5
600.0,180.0,260576.2610593518,22167.077763729612,0.08506944444444457,52112.99026515979,1884.9555921538758,5209.26327447646,39900739.9747133,469037269.90683323,49469.8
600.0,120.0,255175.86328783096,27567.475535250443,0.10803324099722994,38202.15936673359,1884.9555921538758,7581.055772193872,49621455.9634508,459316553.9180957,39239.5
600.0,140.0,246300.86404143978,36442.47478164162,0.14795918367346947,47419.199513284344,1884.9555921538758,12937.078547482775,65596454.60695492,443341555.2745916,50433.6
600.0,200.0,229022.1044466959,53721.23437638549,0.23456790123456803,70516.1887024765,1884.9555921538758,24711.76781313732,96698221.87749387,412239788.00405264,75051.6
600.0,140.0,246300.86404143978,36442.47478164162,0.14795918367346947,51245.65936535671,1884.9555921538758,16763.538399555146,65596454.60695492,443341555.2745916,56491.9
600.0,100.0,229022.1044466959,53721.23437638549,0.23456790123456803,41973.24864828644,1884.9555921538758,19071.038203616845,96698221.87749387,412239788.00405264,47478.5
600.0,140.0,260576.2610593518,22167.077763729612,0.08506944444444457,41689.93982278572,1884.9555921538758,5209.26327447646,39900739.9747133,469037269.90683323,40625.8
600.0,120.0,255175.86328783096,27567.475535250443,0.10803324099722994,40407.55740955362,1884.9555921538758,9786.453815013909,49621455.9634508,459316553.9180957,43054.0
600.0,120.0,255175.86328783096,27567.475535250443,0.10803324099722994,37099.46034532357,1884.9555921538758,6478.356750783854,49621455.9634508,459316553.9180957,37299.9
600.0,200.0,255175.86328783096,27567.475535250443,0.10803324099722994,60821.6264725801,1884.9555921538758,9786.453815013909,49621455.9634508,459316553.9180957,60420.9
600.0,160.0,229022.1044466959,53721.23437638549,0.23456790123456803,61355.30452460867,1884.9555921538758,24711.76781313732,96698221.87749387,412239788.00405264,67131.4
600.0,100.0,229022.1044466959,53721.23437638549,0.23456790123456803,35526.70052312018,1884.9555921538758,12624.49007845059,96698221.87749387,412239788.00405264,37836.2
600.0,120.0,246300.86404143978,36442.47478164162,0.14795918367346947,46319.64208452792,1884.9555921538758,16763.538399555146,65596454.60695492,443341555.2745916,52404.2
600.0,180.0,246300.86404143978,36442.47478164162,0.14795918367346947,52898.13710114494,1884.9555921538758,8563.98157368578,65596454.60695492,443341555.2745916,51528.7
600.0,200.0,255175.86328783096,27567.475535250443,0.10803324099722994,58616.22842976006,1884.9555921538758,7581.055772193872,49621455.9634508,459316553.9180957,56584.2
300.0,180.0,61575.216010359945,9110.618695410405,0.14795918367346947,15274.423481753576,942.4777960769379,4190.884599888786,21865484.86898497,147780518.42486387,16406.3
300.0,180.0,49087.385212340516,21598.449493429835,0.44000000000000017,16503.178908388883,942.4777960769379,7667.4495701675905,51836278.7842316,117809724.50961724,17764.4
300.0,120.0,49087.385212340516,21598.449493429835,0.44000000000000017,13557.935795648453,942.4777960769379,7667.4495701675905,51836278.7842316,117809724.50961724,15176.3
300.0,120.0,59395.736106932025,11290.098598838325,0.1900826446280993,12320.933688297473,942.4777960769379,5193.44535546563,27096236.637211982,142549766.65663686,14142.0
300.0,180.0,59395.736106932025,11290.098598838325,0.1900826446280993,13344.405669974773,942.4777960769379,2653.1731707270064,27096236.637211982,142549766.65663686,13324.6
300.0,180.0,49087.385212340516,21598.449493429835,0.44000000000000017,18771.016105199018,942.4777960769379,9935.286766977724,51836278.7842316,117809724.50961724,19166.8
300.0,180.0,59395.736106932025,11290.098598838325,0.1900826446280993,15884.677854713394,942.4777960769379,5193.44535546563,27096236.637211982,142549766.65663686,17240.0
300.0,160.0,55822.61428644515,14863.220419325204,0.2662580498838137,14208.061534691673,942.4777960769379,5276.443248860448,35671729.00638049,133974274.28746836,15287.2
300.0,100.0,59395.736106932025,11290.098598838325,0.1900826446280993,9947.55861328081,942.4777960769379,4007.985002587606,27096236.637211982,142549766.65663686,11325.8
300.0,100.0,55822.61428644515,14863.220419325204,0.2662580498838137,12419.342821534108,942.4777960769379,6837.081392889594,35671729.00638049,133974274.28746836,14592.3
300.0,200.0,55822.61428644515,14863.220419325204,0.2662580498838137,18001.604250178625,942.4777960769379,6837.081392889594,35671729.00638049,133974274.28746836,19416.1
300.0,140.0,55822.61428644515,14863.220419325204,0.2662580498838137,11308.022798643744,942.4777960769379,3492.856798541423,35671729.00638049,133974274.28746836,11772.4
300.0,100.0,55822.61428644515,14863.220419325204,0.2662580498838137,10858.704677504962,942.4777960769379,5276.443248860448,35671729.00638049,133974274.28746836,12394.0
300.0,200.0,55822.61428644515,14863.220419325204,0.2662580498838137,14657.379655830453,942.4777960769379,3492.856798541423,35671729.00638049,133974274.28746836,14685.8
300.0,200.0,49087.385212340516,21598.449493429835,0.44000000000000017,14893.112673424113,942.4777960769379,5075.635630956011,51836278.7842316,117809724.50961724,15085.4
300.0,160.0,49087.385212340516,21598.449493429835,0.44000000000000017,15521.431204142073,942.4777960769379,7667.4495701675905,51836278.7842316,117809724.50961724,16074.6
300.0,160.0,55822.61428644515,14863.220419325204,0.2662580498838137,12424.475084372647,942.4777960769379,3492.856798541423,35671729.00638049,133974274.28746836,12743.0
300.0,200.0,61575.216010359945,9110.618695410405,0.14795918367346947,16505.927801960777,942.4777960769379,4190.884599888786,21865484.86898497,147780518.42486387,17473.9
300.0,140.0,61575.216010359945,9110.618695410405,0.14795918367346947,11854.799878321086,942.4777960769379,3234.269636870694,21865484.86898497,147780518.42486387,12730.2
300.0,200.0,55822.61428644515,14863.220419325204,0.2662580498838137,16440.966106149477,942.4777960769379,5276.443248860448,35671729.00638049,133974274.28746836,17136.2
300.0,140.0,59395.736106932025,11290.098598838325,0.1900826446280993,11420.180169651023,942.4777960769379,3104.7771146805394,27096236.637211982,142549766.65663686,11992.1
300.0,180.0,49087.385212340516,21598.449493429835,0.44000000000000017,13911.364969177304,942.4777960769379,5075.635630956011,51836278.7842316,117809724.50961724,14299.6
300.0,160.0,55822.61428644515,14863.220419325204,0.2662580498838137,13019.003901145656,942.4777960769379,4087.385615314431,35671729.00638049,133974274.28746836,13600.1
300.0,140.0,59395.736106932025,11290.098598838325,0.1900826446280993,10968.576225697489,942.4777960769379,2653.1731707270064,27096236.637211982,142549766.65663686,11293.7
300.0,140.0,55822.61428644515,14863.220419325204,0.2662580498838137,11902.551615416753,942.4777960769379,4087.385615314431,35671729.00638049,133974274.28746836,12620.0
300.0,200.0,61575.216010359945,9110.618695410405,0.14795918367346947,15549.312838942682,942.4777960769379,3234.269636870694,21865484.86898497,147780518.42486387,15907.5
300.0,160.0,61575.216010359945,9110.618695410405,0.14795918367346947,13086.304198528283,942.4777960769379,3234.269636870694,21865484.86898497,147780518.42486387,13802.6
300.0,100.0,61575.216010359945,9110.618695410405,0.14795918367346947,10348.406200924781,942.4777960769379,4190.884599888786,21865484.86898497,147780518.42486387,12147.6
300.0,160.0,49087.385212340516,21598.449493429835,0.44000000000000017,13793.555244667687,942.4777960769379,5939.5736106932045,51836278.7842316,117809724.50961724,15099.6
300.0,120.0,55822.61428644515,14863.220419325204,0.2662580498838137,10786.099329687848,942.4777960769379,4087.385615314431,35671729.00638049,133974274.28746836,11567.9
300.0,180.0,59395.736106932025,11290.098598838325,0.1900826446280993,14699.21750183537,942.4777960769379,4007.985002587606,27096236.637211982,142549766.65663686,15377.2
300.0,200.0,49087.385212340516,21598.449493429835,0.44000000000000017,15757.050653161306,942.4777960769379,5939.5736106932045,51836278.7842316,117809724.50961724,16488.9
300.0,140.0,49087.385212340516,21598.449493429835,0.44000000000000017,11947.869560683683,942.4777960769379,5075.635630956011,51836278.7842316,117809724.50961724,12970.3
300.0,100.0,49087.385212340516,21598.449493429835,0.44000000000000017,14844.025288211775,942.4777960769379,9935.286766977724,51836278.7842316,117809724.50961724,16312.9
300.0,120.0,49087.385212340516,21598.449493429835,0.44000000000000017,10966.121856436874,942.4777960769379,5075.635630956011,51836278.7842316,117809724.50961724,12117.4
300.0,100.0,61575.216010359945,9110.618695410405,0.14795918367346947,9391.79123790669,942.4777960769379,3234.269636870694,21865484.86898497,147780518.42486387,10603.5
300.0,200.0,55822.61428644515,14863.220419325204,0.2662580498838137,15251.908472603462,942.4777960769379,4087.385615314431,35671729.00638049,133974274.28746836,15550.4
300.0,120.0,61575.216010359945,9110.618695410405,0.14795918367346947,10623.295558113889,942.4777960769379,3234.269636870694,21865484.86898497,147780518.42486387,11578.2
300.0,200.0,59395.736106932025,11290.098598838325,0.1900826446280993,14532.320392113412,942.4777960769379,2653.1731707270064,27096236.637211982,142549766.65663686,14377.4
300.0,120.0,61575.216010359945,9110.618695410405,0.14795918367346947,9530.02131466464,942.4777960769379,2140.995393421445,21865484.86898497,147780518.42486387,9886.3
300.0,100.0,49087.385212340516,21598.449493429835,0.44000000000000017,10848.312131927256,942.4777960769379,5939.5736106932045,51836278.7842316,117809724.50961724,11512.0
300.0,100.0,55822.61428644515,14863.220419325204,0.2662580498838137,9075.118227185938,942.4777960769379,3492.856798541423,35671729.00638049,133974274.28746836,9825.8
300.0,180.0,49087.385212340516,21598.449493429835,0.44000000000000017,14775.302948914497,942.4777960769379,5939.5736106932045,51836278.7842316,117809724.50961724,15134.5
300.0,180.0,61575.216010359945,9110.618695410405,0.14795918367346947,13588.959023102652,942.4777960769379,2505.4201412378616,21865484.86898497,147780518.42486387,13614.4
300.0,120.0,55822.61428644515,14863.220419325204,0.2662580498838137,11975.156963233865,942.4777960769379,5276.443248860448,35671729.00638049,133974274.28746836,13349.2
300.0,140.0,61575.216010359945,9110.618695410405,0.14795918367346947,12811.414841339178,942.4777960769379,4190.884599888786,21865484.86898497,147780518.42486387,14247.5
300.0,200.0,59395.736106932025,11290.098598838325,0.1900826446280993,17072.592576852036,942.4777960769379,5193.44535546563,27096236.637211982,142549766.65663686,18145.2
300.0,160.0,59395.736106932025,11290.098598838325,0.1900826446280993,13511.302779696729,942.4777960769379,4007.985002587606,27096236.637211982,142549766.65663686,14402.2
300.0,160.0,55822.61428644515,14863.220419325204,0.2662580498838137,15768.699678720817,942.4777960769379,6837.081392889594,35671729.00638049,133974274.28746836,17474.1
300.0,140.0,61575.216010359945,9110.618695410405,0.14795918367346947,11125.950382688254,942.4777960769379,2505.4201412378616,21865484.86898497,147780518.42486387,11551.6
300.0,100.0,59395.736106932025,11290.098598838325,0.1900826446280993,8592.746781420208,942.4777960769379,2653.1731707270064,27096236.637211982,142549766.65663686,9179.3
300.0,140.0,59395.736106932025,11290.098598838325,0.1900826446280993,13508.848410436112,942.4777960769379,5193.44535546563,27096236.637211982,142549766.65663686,15176.9
300.0,180.0,59395.736106932025,11290.098598838325,0.1900826446280993,13796.009613928305,942.4777960769379,3104.7771146805394,27096236.637211982,142549766.65663686,14056.4
300.0,160.0,59395.736106932025,11290.098598838325,0.1900826446280993,12608.094891789664,942.4777960769379,3104.7771146805394,27096236.637211982,142549766.65663686,13024.4
300.0,180.0,55822.61428644515,14863.220419325204,0.2662580498838137,15324.513820420574,942.4777960769379,5276.443248860448,35671729.00638049,133974274.28746836,16258.7
300.0,160.0,61575.216010359945,9110.618695410405,0.14795918367346947,11993.029955079035,942.4777960769379,2140.995393421445,21865484.86898497,147780518.42486387,12019.7
300.0,100.0,59395.736106932025,11290.098598838325,0.1900826446280993,11133.018966158834,942.4777960769379,5193.44535546563,27096236.637211982,142549766.65663686,13130.0
300.0,120.0,55822.61428644515,14863.220419325204,0.2662580498838137,10191.570512914841,942.4777960769379,3492.856798541423,35671729.00638049,133974274.28746836,10799.2
300.0,160.0,59395.736106932025,11290.098598838325,0.1900826446280993,12156.490947836131,942.4777960769379,2653.1731707270064,27096236.637211982,142549766.65663686,12257.9
300.0,100.0,61575.216010359945,9110.618695410405,0.14795918367346947,8662.941742273855,942.4777960769379,2505.4201412378616,21865484.86898497,147780518.42486387,9410.5
300.0,140.0,49087.385212340516,21598.449493429835,0.44000000000000017,12811.807540420878,942.4777960769379,5939.5736106932045,51836278.7842316,117809724.50961724,13430.0
300.0,160.0,49087.385212340516,21598.449493429835,0.44000000000000017,12929.617264930494,942.4777960769379,5075.635630956011,51836278.7842316,117809724.50961724,13384.0
300.0,120.0,49087.385212340516,21598.449493429835,0.44000000000000017,15825.772992458586,942.4777960769379,9935.286766977724,51836278.7842316,117809724.50961724,16682.3
300.0,100.0,55822.61428644515,14863.220419325204,0.2662580498838137,9669.647043958945,942.4777960769379,4087.385615314431,35671729.00638049,133974274.28746836,10685.0
300.0,160.0,61575.216010359945,9110.618695410405,0.14795918367346947,14042.919161546377,942.4777960769379,4190.884599888786,21865484.86898497,147780518.42486387,15341.5
300.0,200.0,49087.385212340516,21598.449493429835,0.44000000000000017,17484.926612635696,942.4777960769379,7667.4495701675905,51836278.7842316,117809724.50961724,18626.4
300.0,120.0,61575.216010359945,9110.618695410405,0.14795918367346947,11579.91052113198,942.4777960769379,4190.884599888786,21865484.86898497,147780518.42486387,13212.0
300.0,160.0,59395.736106932025,11290.098598838325,0.1900826446280993,14696.763132574753,942.4777960769379,5193.44535546563,27096236.637211982,142549766.65663686,16194.2
300.0,140.0,49087.385212340516,21598.449493429835,0.44000000000000017,14539.683499895264,942.4777960769379,7667.4495701675905,51836278.7842316,117809724.50961724,16216.9
300.0,180.0,61575.216010359945,9110.618695410405,0.14795918367346947,14317.808518735483,942.4777960769379,3234.269636870694,21865484.86898497,147780518.42486387,14869.4
300.0,200.0,61575.216010359945,9110.618695410405,0.14795918367346947,14456.038595493434,942.4777960769379,2140.995393421445,21865484.86898497,147780518.42486387,14152.9
300.0,180.0,55822.61428644515,14863.220419325204,0.2662580498838137,16885.15196444972,942.4777960769379,6837.081392889594,35671729.00638049,133974274.28746836,18444.4
300.0,100.0,61575.216010359945,9110.618695410405,0.14795918367346947,8298.516994457439,942.4777960769379,2140.995393421445,21865484.86898497,147780518.42486387,8816.6
300.0,160.0,61575.216010359945,9110.618695410405,0.14795918367346947,12357.454702895451,942.4777960769379,2505.4201412378616,21865484.86898497,147780518.42486387,12619.2
300.0,120.0,49087.385212340516,21598.449493429835,0.44000000000000017,11830.059836174067,942.4777960769379,5939.5736106932045,51836278.7842316,117809724.50961724,12519.8
300.0,180.0,55822.61428644515,14863.220419325204,0.2662580498838137,14135.456186874557,942.4777960769379,4087.385615314431,35671729.00638049,133974274.28746836,14527.9
300.0,200.0,61575.216010359945,9110.618695410405,0.14795918367346947,14820.46334330985,942.4777960769379,2505.4201412378616,21865484.86898497,147780518.42486387,14734.1
300.0,140.0,59395.736106932025,11290.098598838325,0.1900826446280993,12323.38805755809,942.4777960769379,4007.985002587606,27096236.637211982,142549766.65663686,13379.0
300.0,100.0,59395.736106932025,11290.098598838325,0.1900826446280993,9044.35072537374,942.4777960769379,3104.7771146805394,27096236.637211982,142549766.65663686,9927.2
300.0,140.0,49087.385212340516,21598.449493429835,0.44000000000000017,16807.520696705396,942.4777960769379,9935.286766977724,51836278.7842316,117809724.50961724,17642.5
300.0,120.0,61575.216010359945,9110.618695410405,0.14795918367346947,9894.446062481054,942.4777960769379,2505.4201412378616,21865484.86898497,147780518.42486387,10482.4
300.0,180.0,61575.216010359945,9110.618695410405,0.14795918367346947,13224.534275286234,942.4777960769379,2140.995393421445,21865484.86898497,147780518.42486387,13091.8
300.0,120.0,59395.736106932025,11290.098598838325,0.1900826446280993,10232.265447512382,942.4777960769379,3104.7771146805394,27096236.637211982,142549766.65663686,10958.9
300.0,140.0,55822.61428644515,14863.220419325204,0.2662580498838137,13091.609248962768,942.4777960769379,5276.443248860448,35671729.00638049,133974274.28746836,14178.9
300.0,200.0,49087.385212340516,21598.449493429835,0.44000000000000017,19752.763809445827,942.4777960769379,9935.286766977724,51836278.7842316,117809724.50961724,20601.7
300.0,140.0,55822.61428644515,14863.220419325204,0.2662580498838137,14652.247392991916,942.4777960769379,6837.081392889594,35671729.00638049,133974274.28746836,16511.8
300.0,100.0,49087.385212340516,21598.449493429835,0.44000000000000017,12576.188091401642,942.4777960769379,7667.4495701675905,51836278.7842316,117809724.50961724,14697.1
300.0,140.0,61575.216010359945,9110.618695410405,0.14795918367346947,10761.525634871838,942.4777960769379,2140.995393421445,21865484.86898497,147780518.42486387,10942.2
300.0,120.0,59395.736106932025,11290.098598838325,0.1900826446280993,11135.473335419449,942.4777960769379,4007.985002587606,27096236.637211982,142549766.65663686,12347.8
300.0,120.0,59395.736106932025,11290.098598838325,0.1900826446280993,9780.66150355885,942.4777960769379,2653.1731707270064,27096236.637211982,142549766.65663686,10261.5
300.0,200.0,59395.736106932025,11290.098598838325,0.1900826446280993,15887.13222397401,942.4777960769379,4007.985002587606,27096236.637211982,142549766.65663686,16468.4
300.0,160.0,49087.385212340516,21598.449493429835,0.44000000000000017,17789.268400952205,942.4777960769379,9935.286766977724,51836278.7842316,117809724.50961724,18715.1
300.0,100.0,49087.385212340516,21598.449493429835,0.44000000000000017,9984.374152190063,942.4777960769379,5075.635630956011,51836278.7842316,117809724.50961724,11279.2
300.0,120.0,55822.61428644515,14863.220419325204,0.2662580498838137,13535.79510726301,942.4777960769379,6837.081392889594,35671729.00638049,133974274.28746836,15547.5
300.0,180.0,55822.61428644515,14863.220419325204,0.2662580498838137,13540.927370101548,942.4777960769379,3492.856798541423,35671729.00638049,133974274.28746836,13721.2
300.0,200.0,59395.736106932025,11290.098598838325,0.1900826446280993,14983.924336066944,942.4777960769379,3104.7771146805394,27096236.637211982,142549766.65663686,15075.9
400.0,180.0,113411.49479459153,12252.211349000194,0.10803324099722993,26050.086283566565,1256.6370614359173,5636.0172205400895,39207076.316800624,362916783.3426929,26979.2
400.0,180.0,96211.27501618741,29452.431127404314,0.3061224489795919,27773.642553142265,1256.6370614359173,10455.61305022853,94247779.6076938,307876080.0517997,28998.7
400.0,120.0,96211.27501618741,29452.431127404314,0.3061224489795919,22000.96605217102,1256.6370614359173,10455.61305022853,94247779.6076938,307876080.0517997,24128.6
400.0,120.0,110446.61672776616,15217.089415825569,0.13777777777777786,20253.455138611702,1256.6370614359173,6999.861131279762,48694686.13064182,353429173.5288517,22847.1
400.0,180.0,110446.61672776616,15217.089415825569,0.13777777777777786,23456.407023716918,1256.6370614359173,3576.016012719009,48694686.13064182,353429173.5288517,22794.3
400.0,180.0,96211.27501618741,29452.431127404314,0.3061224489795919,30866.147821519717,1256.6370614359173,13548.118318605984,94247779.6076938,307876080.0517997,30767.7
400.0,180.0,110446.61672776616,15217.089415825569,0.13777777777777786,26880.252142277674,1256.6370614359173,6999.861131279762,48694686.13064182,353429173.5288517,28481.6
400.0,160.0,105554.02599277158,20109.680150820146,0.19051552000676195,24027.580612384605,1256.6370614359173,7138.936453541152,64350976.48262447,337772883.17686903,25330.3
400.0,100.0,110446.61672776616,15217.089415825569,0.13777777777777786,16446.728415394693,1256.6370614359173,5402.066742618076,48694686.13064182,353429173.5288517,18349.6
400.0,100.0,105554.02599277158,20109.680150820146,0.19051552000676195,19805.855468654423,1256.6370614359173,9250.452869377266,64350976.48262447,337772883.17686903,23181.8
400.0,200.0,105554.02599277158,20109.680150820146,0.19051552000676195,30361.25806793158,1256.6370614359173,9250.452869377266,64350976.48262447,337772883.17686903,32090.2
400.0,140.0,105554.02599277158,20109.680150820146,0.19051552000676195,19503.338474430755,1256.6370614359173,4725.774835442734,64350976.48262447,337772883.17686903,19785.6
400.0,100.0,105554.02599277158,20109.680150820146,0.19051552000676195,17694.339052818308,1256.6370614359173,7138.936453541152,64350976.48262447,337772883.17686903,19950.3
400.0,200.0,105554.02599277158,20109.680150820146,0.19051552000676195,25836.58003399705,1256.6370614359173,4725.774835442734,64350976.48262447,337772883.17686903,25227.3
400.0,200.0,96211.27501618741,29452.431127404314,0.3061224489795919,26163.576318177496,1256.6370614359173,6921.3213149400135,94247779.6076938,307876080.0517997,25680.9
400.0,160.0,96211.27501618741,29452.431127404314,0.3061224489795919,25849.417052818513,1256.6370614359173,10455.61305022853,94247779.6076938,307876080.0517997,26159.2
400.0,160.0,105554.02599277158,20109.680150820146,0.19051552000676195,21614.41899428619,1256.6370614359173,4725.774835442734,64350976.48262447,337772883.17686903,21620.3
400.0,200.0,113411.49479459153,12252.211349000194,0.10803324099722993,28318.316179458394,1256.6370614359173,5636.0172205400895,39207076.316800624,362916783.3426929,29087.5
400.0,140.0,113411.49479459153,12252.211349000194,0.10803324099722993,20227.144300137887,1256.6370614359173,4349.5350288950685,39207076.316800624,362916783.3426929,21057.7
400.0,200.0,105554.02599277158,20109.680150820146,0.19051552000676195,28249.74165209547,1256.6370614359173,7138.936453541152,64350976.48262447,337772883.17686903,28937.5
400.0,140.0,110446.61672776616,15217.089415825569,0.13777777777777786,19647.225931239293,1256.6370614359173,4184.699589352032,48694686.13064182,353429173.5288517,20095.5
400.0,180.0,96211.27501618741,29452.431127404314,0.3061224489795919,24239.35081785375,1256.6370614359173,6921.3213149400135,94247779.6076938,307876080.0517997,23794.9
400.0,160.0,105554.02599277158,20109.680150820146,0.19051552000676195,22418.80620031899,1256.6370614359173,5530.16204147554,64350976.48262447,337772883.17686903,22873.0
400.0,140.0,110446.61672776616,15217.089415825569,0.13777777777777786,19038.54235460627,1256.6370614359173,3576.016012719009,48694686.13064182,353429173.5288517,18938.7
400.0,140.0,105554.02599277158,20109.680150820146,0.19051552000676195,20307.72568046356,1256.6370614359173,5530.16204147554,64350976.48262447,337772883.17686903,21079.3
400.0,200.0,113411.49479459153,12252.211349000194,0.10803324099722993,27031.833987813377,1256.6370614359173,4349.5350288950685,39207076.316800624,362916783.3426929,26880.9
400.0,160.0,113411.49479459153,12252.211349000194,0.10803324099722993,22495.374196029716,1256.6370614359173,4349.5350288950685,39207076.316800624,362916783.3426929,22866.0
400.0,100.0,113411.49479459153,12252.211349000194,0.10803324099722993,16977.16669999924,1256.6370614359173,5636.0172205400895,39207076.316800624,362916783.3426929,19402.6
400.0,160.0,96211.27501618741,29452.431127404314,0.3061224489795919,23493.22256262617,1256.6370614359173,8099.418560036186,94247779.6076938,307876080.0517997,24917.0
400.0,120.0,105554.02599277158,20109.680150820146,0.19051552000676195,18196.64516060813,1256.6370614359173,5530.16204147554,64350976.48262447,337772883.17686903,19278.3
400.0,180.0,110446.61672776616,15217.089415825569,0.13777777777777786,25282.457753615985,1256.6370614359173,5402.066742618076,48694686.13064182,353429173.5288517,25784.8
400.0,200.0,96211.27501618741,29452.431127404314,0.3061224489795919,27341.673563273667,1256.6370614359173,8099.418560036186,94247779.6076938,307876080.0517997,27737.2
400.0,140.0,96211.27501618741,29452.431127404314,0.3061224489795919,20390.899817206253,1256.6370614359173,6921.3213149400135,94247779.6076938,307876080.0517997,21577.1
400.0,100.0,96211.27501618741,29452.431127404314,0.3061224489795919,23169.245820224725,1256.6370614359173,13548.118318605984,94247779.6076938,307876080.0517997,25105.5
400.0,120.0,96211.27501618741,29452.431127404314,0.3061224489795919,18466.6743168825,1256.6370614359173,6921.3213149400135,94247779.6076938,307876080.0517997,19940.7
400.0,100.0,113411.49479459153,12252.211349000194,0.10803324099722993,15690.684508354223,1256.6370614359173,4349.5350288950685,39207076.316800624,362916783.3426929,17217.7
400.0,200.0,105554.02599277158,20109.680150820146,0.19051552000676195,26640.967240029855,1256.6370614359173,5530.16204147554,64350976.48262447,337772883.17686903,26443.7
400.0,120.0,113411.49479459153,12252.211349000194,0.10803324099722993,17958.914404246054,1256.6370614359173,4349.5350288950685,39207076.316800624,362916783.3426929,19149.8
400.0,200.0,110446.61672776616,15217.089415825569,0.13777777777777786,25665.33935827224,1256.6370614359173,3576.016012719009,48694686.13064182,353429173.5288517,24600.7
400.0,120.0,113411.49479459153,12252.211349000194,0.10803324099722993,16488.64904236603,1256.6370614359173,2879.2696670150453,39207076.316800624,362916783.3426929,16594.5
400.0,100.0,96211.27501618741,29452.431127404314,0.3061224489795919,17720.546061654924,1256.6370614359173,8099.418560036186,94247779.6076938,307876080.0517997,18365.0
400.0,100.0,105554.02599277158,20109.680150820146,0.19051552000676195,15281.17743471989,1256.6370614359173,4725.774835442734,64350976.48262447,337772883.17686903,16231.4
400.0,180.0,96211.27501618741,29452.431127404314,0.3061224489795919,25417.448062949923,1256.6370614359173,8099.418560036186,94247779.6076938,307876080.0517997,25330.4
400.0,180.0,113411.49479459153,12252.211349000194,0.10803324099722993,23783.42718400153,1256.6370614359173,3369.358120975053,39207076.316800624,362916783.3426929,23213.9
400.0,120.0,105554.02599277158,20109.680150820146,0.19051552000676195,19805.41957267374,1256.6370614359173,7138.936453541152,64350976.48262447,337772883.17686903,21730.5
400.0,140.0,113411.49479459153,12252.211349000194,0.10803324099722993,21513.626491782903,1256.6370614359173,5636.0172205400895,39207076.316800624,362916783.3426929,23293.1
400.0,200.0,110446.61672776616,15217.089415825569,0.13777777777777786,29089.184476832994,1256.6370614359173,6999.861131279762,48694686.13064182,353429173.5288517,30345.6
400.0,160.0,110446.61672776616,15217.089415825569,0.13777777777777786,23073.52541906066,1256.6370614359173,5402.066742618076,48694686.13064182,353429173.5288517,23991.6
400.0,160.0,105554.02599277158,20109.680150820146,0.19051552000676195,26139.09702822072,1256.6370614359173,9250.452869377266,64350976.48262447,337772883.17686903,28546.7
400.0,140.0,113411.49479459153,12252.211349000194,0.10803324099722993,19246.967392217866,1256.6370614359173,3369.358120975053,39207076.316800624,362916783.3426929,19385.1
400.0,100.0,110446.61672776616,15217.089415825569,0.13777777777777786,14620.677685495624,1256.6370614359173,3576.016012719009,48694686.13064182,353429173.5288517,15311.5
400.0,140.0,110446.61672776616,15217.089415825569,0.13777777777777786,22462.387473167026,1256.6370614359173,6999.861131279762,48694686.13064182,353429173.5288517,24704.7
400.0,180.0,110446.61672776616,15217.089415825569,0.13777777777777786,24065.09060034994,1256.6370614359173,4184.699589352032,48694686.13064182,353429173.5288517,23842.9
400.0,160.0,110446.61672776616,15217.089415825569,0.13777777777777786,21856.158265794616,1256.6370614359173,4184.699589352032,48694686.13064182,353429173.5288517,21981.5
400.0,180.0,105554.02599277158,20109.680150820146,0.19051552000676195,26138.66113224004,1256.6370614359173,7138.936453541152,64350976.48262447,337772883.17686903,27043.2
400.0,160.0,113411.49479459153,12252.211349000194,0.10803324099722993,21025.10883414969,1256.6370614359173,2879.2696670150453,39207076.316800624,362916783.3426929,20461.0
400.0,100.0,110446.61672776616,15217.089415825569,0.13777777777777786,18044.522804056378,1256.6370614359173,6999.861131279762,48694686.13064182,353429173.5288517,20967.8
400.0,120.0,105554.02599277158,20109.680150820146,0.19051552000676195,17392.25795457532,1256.6370614359173,4725.774835442734,64350976.48262447,337772883.17686903,18033.4
400.0,160.0,110446.61672776616,15217.089415825569,0.13777777777777786,21247.474689161594,1256.6370614359173,3576.016012719009,48694686.13064182,353429173.5288517,20975.2
400.0,100.0,113411.49479459153,12252.211349000194,0.10803324099722993,14710.507600434206,1256.6370614359173,3369.358120975053,39207076.316800624,362916783.3426929,15490.5
400.0,140.0,96211.27501618741,29452.431127404314,0.3061224489795919,21568.997062302424,1256.6370614359173,8099.418560036186,94247779.6076938,307876080.0517997,21937.9
400.0,160.0,96211.27501618741,29452.431127404314,0.3061224489795919,22315.125317529997,1256.6370614359173,6921.3213149400135,94247779.6076938,307876080.0517997,22336.5
400.0,120.0,96211.27501618741,29452.431127404314,0.3061224489795919,25093.471320548473,1256.6370614359173,13548.118318605984,94247779.6076938,307876080.0517997,25889.4
400.0,100.0,105554.02599277158,20109.680150820146,0.19051552000676195,16085.564640752697,1256.6370614359173,5530.16204147554,64350976.48262447,337772883.17686903,17479.0
400.0,160.0,113411.49479459153,12252.211349000194,0.10803324099722993,23781.856387674736,1256.6370614359173,5636.0172205400895,39207076.316800624,362916783.3426929,25155.2
400.0,200.0,96211.27501618741,29452.431127404314,0.3061224489795919,29697.868053466016,1256.6370614359173,10455.61305022853,94247779.6076938,307876080.0517997,30556.0
400.0,120.0,113411.49479459153,12252.211349000194,0.10803324099722993,19245.396595891074,1256.6370614359173,5636.0172205400895,39207076.316800624,362916783.3426929,21361.4
400.0,160.0,110446.61672776616,15217.089415825569,0.13777777777777786,24671.31980772235,1256.6370614359173,6999.861131279762,48694686.13064182,353429173.5288517,26594.2
400.0,140.0,96211.27501618741,29452.431127404314,0.3061224489795919,23925.19155249477,1256.6370614359173,10455.61305022853,94247779.6076938,307876080.0517997,25785.5
400.0,180.0,113411.49479459153,12252.211349000194,0.10803324099722993,24763.604091921545,1256.6370614359173,4349.5350288950685,39207076.316800624,362916783.3426929,24849.8
400.0,200.0,113411.49479459153,12252.211349000194,0.10803324099722993,25561.568625933352,1256.6370614359173,2879.2696670150453,39207076.316800624,362916783.3426929,24233.4
400.0,180.0,105554.02599277158,20109.680150820146,0.19051552000676195,28250.177548076153,1256.6370614359173,9250.452869377266,64350976.48262447,337772883.17686903,30340.0
400.0,100.0,113411.49479459153,12252.211349000194,0.10803324099722993,14220.4191464742,1256.6370614359173,2879.2696670150453,39207076.316800624,362916783.3426929,14645.8
400.0,160.0,113411.49479459153,12252.211349000194,0.10803324099722993,21515.197288109703,1256.6370614359173,3369.358120975053,39207076.316800624,362916783.3426929,21319.9
400.0,120.0,96211.27501618741,29452.431127404314,0.3061224489795919,19644.771561978676,1256.6370614359173,8099.418560036186,94247779.6076938,307876080.0517997,20298.3
400.0,180.0,105554.02599277158,20109.680150820146,0.19051552000676195,24529.886720174425,1256.6370614359173,5530.16204147554,64350976.48262447,337772883.17686903,24668.0
400.0,200.0,113411.49479459153,12252.211349000194,0.10803324099722993,26051.65707989336,1256.6370614359173,3369.358120975053,39207076.316800624,362916783.3426929,25123.8
400.0,140.0,110446.61672776616,15217.089415825569,0.13777777777777786,20864.593084505337,1256.6370614359173,5402.066742618076,48694686.13064182,353429173.5288517,22110.5
400.0,100.0,110446.61672776616,15217.089415825569,0.13777777777777786,15229.361262128647,1256.6370614359173,4184.699589352032,48694686.13064182,353429173.5288517,16334.4
400.0,140.0,96211.27501618741,29452.431127404314,0.3061224489795919,27017.69682087222,1256.6370614359173,13548.118318605984,94247779.6076938,307876080.0517997,27810.6
400.0,120.0,113411.49479459153,12252.211349000194,0.10803324099722993,16978.737496326037,1256.6370614359173,3369.358120975053,39207076.316800624,362916783.3426929,17448.0
400.0,180.0,113411.49479459153,12252.211349000194,0.10803324099722993,23293.338730041523,1256.6370614359173,2879.2696670150453,39207076.316800624,362916783.3426929,22322.2
400.0,120.0,110446.61672776616,15217.089415825569,0.13777777777777786,17438.293596683972,1256.6370614359173,4184.699589352032,48694686.13064182,353429173.5288517,18199.6
400.0,140.0,105554.02599277158,20109.680150820146,0.19051552000676195,21916.500092529175,1256.6370614359173,7138.936453541152,64350976.48262447,337772883.17686903,23551.6
400.0,200.0,96211.27501618741,29452.431127404314,0.3061224489795919,32790.373321843465,1256.6370614359173,13548.118318605984,94247779.6076938,307876080.0517997,33704.1
400.0,140.0,105554.02599277158,20109.680150820146,0.19051552000676195,24028.01650836529,1256.6370614359173,9250.452869377266,64350976.48262447,337772883.17686903,26713.6
400.0,100.0,96211.27501618741,29452.431127404314,0.3061224489795919,20076.740551847273,1256.6370614359173,10455.61305022853,94247779.6076938,307876080.0517997,23354.0
400.0,140.0,113411.49479459153,12252.211349000194,0.10803324099722993,18756.878938257858,1256.6370614359173,2879.2696670150453,39207076.316800624,362916783.3426929,18533.8
400.0,120.0,110446.61672776616,15217.089415825569,0.13777777777777786,18655.660749950013,1256.6370614359173,5402.066742618076,48694686.13064182,353429173.5288517,20199.2
400.0,120.0,110446.61672776616,15217.089415825569,0.13777777777777786,16829.610020050946,1256.6370614359173,3576.016012719009,48694686.13064182,353429173.5288517,17179.5
400.0,200.0,110446.61672776616,15217.089415825569,0.13777777777777786,27491.390088171305,1256.6370614359173,5402.066742618076,48694686.13064182,353429173.5288517,27696.6
400.0,160.0,96211.27501618741,29452.431127404314,0.3061224489795919,28941.92232119597,1256.6370614359173,13548.118318605984,94247779.6076938,307876080.0517997,30109.9
400.0,100.0,96211.27501618741,29452.431127404314,0.3061224489795919,16542.448816558757,1256.6370614359173,6921.3213149400135,94247779.6076938,307876080.0517997,18314.4
400.0,120.0,105554.02599277158,20109.680150820146,0.19051552000676195,21916.935988509857,1256.6370614359173,9250.452869377266,64350976.48262447,337772883.17686903,24959.3
400.0,180.0,105554.02599277158,20109.680150820146,0.19051552000676195,23725.49951414162,1256.6370614359173,4725.774835442734,64350976.48262447,337772883.17686903,23420.3
400.0,200.0,110446.61672776616,15217.089415825569,0.13777777777777786,26274.02293490526,1256.6370614359173,4184.699589352032,48694686.13064182,353429173.5288517,25715.6
500.0,180.0,180955.73684677208,15393.804002589983,0.08506944444444442,39653.18247361037,1570.7963267948965,7081.149841191393,61575216.01035993,723822947.3870883,40741.0
500.0,180.0,159043.12808798326,37306.4127613788,0.23456790123456797,41871.53958612646,1570.7963267948965,13243.776530289475,149225651.0455152,636172512.351933,43748.7
500.0,120.0,159043.12808798326,37306.4127613788,0.23456790123456797,32328.951900847464,1570.7963267948965,13243.776530289475,149225651.0455152,636172512.351933,35647.5
500.0,120.0,177205.46061654927,19144.08023281279,0.10803324099722984,30070.932181079792,1570.7963267948965,8806.276907093883,76576320.93125117,708821842.4661971,33377.2
500.0,180.0,177205.46061654927,19144.08023281279,0.10803324099722984,36395.841765689875,1570.7963267948965,4498.858854711006,76576320.93125117,708821842.4661971,34878.4
500.0,180.0,159043.12808798326,37306.4127613788,0.23456790123456797,45788.71292607123,1570.7963267948965,17160.949870234246,149225651.0455152,636172512.351933,49397.6
500.0,180.0,177205.46061654927,19144.08023281279,0.10803324099722984,40703.25981807275,1570.7963267948965,8806.276907093883,76576320.93125117,708821842.4661971,42428.4
500.0,160.0,170993.40096704697,25356.139882315096,0.14828724230826668,36360.37381294937,1570.7963267948965,9001.42965822186,101424559.52926038,683973603.8681879,37929.4
500.0,100.0,177205.46061654927,19144.08023281279,0.10803324099722984,24516.69454430347,1570.7963267948965,6796.14848264854,76576320.93125117,708821842.4661971,26903.2
500.0,100.0,170993.40096704697,25356.139882315096,0.14828724230826668,28763.16444256964,1570.7963267948965,11663.824345864945,101424559.52926038,683973603.8681879,33527.4
500.0,200.0,170993.40096704697,25356.139882315096,0.14828724230826668,45862.504539274334,1570.7963267948965,11663.824345864945,101424559.52926038,683973603.8681879,47979.7
500.0,140.0,170993.40096704697,25356.139882315096,0.14828724230826668,29897.76900773062,1570.7963267948965,5958.692872344048,101424559.52926038,683973603.8681879,29841.3
500.0,100.0,170993.40096704697,25356.139882315096,0.14828724230826668,26100.769754926554,1570.7963267948965,9001.42965822186,101424559.52926038,683973603.8681879,29231.0
500.0,200.0,170993.40096704697,25356.139882315096,0.14828724230826668,40157.37306575344,1570.7963267948965,5958.692872344048,101424559.52926038,683973603.8681879,38740.2
500.0,200.0,159043.12808798326,37306.4127613788,0.23456790123456797,40575.63261652067,1570.7963267948965,8767.006998924018,149225651.0455152,636172512.351933,39876.1
500.0,160.0,159043.12808798326,37306.4127613788,0.23456790123456797,38690.67702436679,1570.7963267948965,13243.776530289475,149225651.0455152,636172512.351933,41044.2
500.0,160.0,170993.40096704697,25356.139882315096,0.14828724230826668,33317.63702707156,1570.7963267948965,5958.692872344048,101424559.52926038,683973603.8681879,33007.8
500.0,200.0,180955.73684677208,15393.804002589983,0.08506944444444442,43272.29721054581,1570.7963267948965,7081.149841191393,61575216.01035993,723822947.3870883,43862.7
500.0,140.0,180955.73684677208,15393.804002589983,0.08506944444444442,30798.603579467534,1570.7963267948965,5464.800420919443,61575216.01035993,723822947.3870883,31640.0
500.0,200.0,170993.40096704697,25356.139882315096,0.14828724230826668,43200.109851631256,1570.7963267948965,9001.42965822186,101424559.52926038,683973603.8681879,43745.5
500.0,140.0,177205.46061654927,19144.08023281279,0.10803324099722984,30073.386550340416,1570.7963267948965,5264.622064023517,76576320.93125117,708821842.4661971,30289.2
500.0,180.0,159043.12808798326,37306.4127613788,0.23456790123456797,37394.77005476101,1570.7963267948965,8767.006998924018,149225651.0455152,636172512.351933,37210.1
500.0,160.0,170993.40096704697,25356.139882315096,0.14828724230826668,34331.882622364166,1570.7963267948965,6972.938467636652,101424559.52926038,683973603.8681879,34659.2
500.0,140.0,177205.46061654927,19144.08023281279,0.10803324099722984,29307.623341027902,1570.7963267948965,4498.858854711006,76576320.93125117,708821842.4661971,28959.0
500.0,140.0,170993.40096704697,25356.139882315096,0.14828724230826668,30912.014603023228,1570.7963267948965,6972.938467636652,101424559.52926038,683973603.8681879,31746.3
500.0,200.0,180955.73684677208,15393.804002589983,0.08506944444444442,41655.94779027386,1570.7963267948965,5464.800420919443,61575216.01035993,723822947.3870883,40818.6
500.0,160.0,180955.73684677208,15393.804002589983,0.08506944444444442,34417.71831640297,1570.7963267948965,5464.800420919443,61575216.01035993,723822947.3870883,34744.8
500.0,100.0,180955.73684677208,15393.804002589983,0.08506944444444442,25176.7235258686,1570.7963267948965,7081.149841191393,61575216.01035993,723822947.3870883,28416.5
500.0,160.0,159043.12808798326,37306.4127613788,0.23456790123456797,35706.16400345649,1570.7963267948965,10259.26350937917,149225651.0455152,636172512.351933,36683.6
500.0,120.0,170993.40096704697,25356.139882315096,0.14828724230826668,27492.146583682286,1570.7963267948965,6972.938467636652,101424559.52926038,683973603.8681879,28824.9
500.0,180.0,177205.46061654927,19144.08023281279,0.10803324099722984,38693.1313936274,1570.7963267948965,6796.14848264854,76576320.93125117,708821842.4661971,38827.9
500.0,200.0,159043.12808798326,37306.4127613788,0.23456790123456797,42067.88912697582,1570.7963267948965,10259.26350937917,149225651.0455152,636172512.351933,42110.9
500.0,140.0,159043.12808798326,37306.4127613788,0.23456790123456797,31033.044931241675,1570.7963267948965,8767.006998924018,149225651.0455152,636172512.351933,31773.7
500.0,100.0,159043.12808798326,37306.4127613788,0.23456790123456797,33065.262679032574,1570.7963267948965,17160.949870234246,149225651.0455152,636172512.351933,38642.4
500.0,120.0,159043.12808798326,37306.4127613788,0.23456790123456797,27852.182369482012,1570.7963267948965,8767.006998924018,149225651.0455152,636172512.351933,29057.3
500.0,100.0,180955.73684677208,15393.804002589983,0.08506944444444442,23560.374105596653,1570.7963267948965,5464.800420919443,61575216.01035993,723822947.3870883,25493.2
500.0,200.0,170993.40096704697,25356.139882315096,0.14828724230826668,41171.61866104604,1570.7963267948965,6972.938467636652,101424559.52926038,683973603.8681879,40457.7
500.0,120.0,180955.73684677208,15393.804002589983,0.08506944444444442,27179.488842532093,1570.7963267948965,5464.800420919443,61575216.01035993,723822947.3870883,28572.4
500.0,200.0,177205.46061654927,19144.08023281279,0.10803324099722984,39939.95097802086,1570.7963267948965,4498.858854711006,76576320.93125117,708821842.4661971,37864.7
500.0,120.0,180955.73684677208,15393.804002589983,0.08506944444444442,25332.232362221297,1570.7963267948965,3617.5439406086457,61575216.01035993,723822947.3870883,25144.8
500.0,100.0,159043.12808798326,37306.4127613788,0.23456790123456797,26163.5763181775,1570.7963267948965,10259.26350937917,149225651.0455152,636172512.351933,28570.7
500.0,100.0,170993.40096704697,25356.139882315096,0.14828724230826668,23058.03296904874,1570.7963267948965,5958.692872344048,101424559.52926038,683973603.8681879,24246.1
500.0,180.0,159043.12808798326,37306.4127613788,0.23456790123456797,38887.026565216154,1570.7963267948965,10259.26350937917,149225651.0455152,636172512.351933,39380.3
500.0,180.0,180955.73684677208,15393.804002589983,0.08506944444444442,36805.328733131224,1570.7963267948965,4233.296100712245,61575216.01035993,723822947.3870883,35512.9
500.0,120.0,170993.40096704697,25356.139882315096,0.14828724230826668,29520.637774267496,1570.7963267948965,9001.42965822186,101424559.52926038,683973603.8681879,32133.2
500.0,140.0,180955.73684677208,15393.804002589983,0.08506944444444442,32414.952999739482,1570.7963267948965,7081.149841191393,61575216.01035993,723822947.3870883,34607.1
500.0,200.0,177205.46061654927,19144.08023281279,0.10803324099722984,44247.36903040374,1570.7963267948965,8806.276907093883,76576320.93125117,708821842.4661971,45449.6
500.0,160.0,177205.46061654927,19144.08023281279,0.10803324099722984,35149.02218129642,1570.7963267948965,6796.14848264854,76576320.93125117,708821842.4661971,35728.3
500.0,160.0,170993.40096704697,25356.139882315096,0.14828724230826668,39022.76850059246,1570.7963267948965,11663.824345864945,101424559.52926038,683973603.8681879,42242.5
500.0,140.0,180955.73684677208,15393.804002589983,0.08506944444444442,29567.099259260332,1570.7963267948965,4233.296100712245,61575216.01035993,723822947.3870883,29379.8
500.0,100.0,177205.46061654927,19144.08023281279,0.10803324099722984,22219.404916365937,1570.7963267948965,4498.858854711006,76576320.93125117,708821842.4661971,22884.1
500.0,140.0,177205.46061654927,19144.08023281279,0.10803324099722984,33615.04139341078,1570.7963267948965,8806.276907093883,76576320.93125117,708821842.4661971,36395.4
500.0,180.0,177205.46061654927,19144.08023281279,0.10803324099722984,37161.60497500239,1570.7963267948965,5264.622064023517,76576320.93125117,708821842.4661971,36271.7
500.0,160.0,177205.46061654927,19144.08023281279,0.10803324099722984,33617.495762671395,1570.7963267948965,5264.622064023517,76576320.93125117,708821842.4661971,33312.2
500.0,180.0,170993.40096704697,25356.139882315096,0.14828724230826668,39780.24183229032,1570.7963267948965,9001.42965822186,101424559.52926038,683973603.8681879,40659.8
500.0,160.0,180955.73684677208,15393.804002589983,0.08506944444444442,32570.461836092178,1570.7963267948965,3617.5439406086457,61575216.01035993,723822947.3870883,31355.4
500.0,100.0,177205.46061654927,19144.08023281279,0.10803324099722984,26526.822968748813,1570.7963267948965,8806.276907093883,76576320.93125117,708821842.4661971,30316.5
500.0,120.0,170993.40096704697,25356.139882315096,0.14828724230826668,26477.900988389683,1570.7963267948965,5958.692872344048,101424559.52926038,683973603.8681879,27162.1
500.0,160.0,177205.46061654927,19144.08023281279,0.10803324099722984,32851.73255335889,1570.7963267948965,4498.858854711006,76576320.93125117,708821842.4661971,31970.4
500.0,100.0,180955.73684677208,15393.804002589983,0.08506944444444442,22328.869785389452,1570.7963267948965,4233.296100712245,61575216.01035993,723822947.3870883,23203.3
500.0,140.0,159043.12808798326,37306.4127613788,0.23456790123456797,32525.301441696825,1570.7963267948965,10259.26350937917,149225651.0455152,636172512.351933,33965.8
500.0,160.0,159043.12808798326,37306.4127613788,0.23456790123456797,34213.907493001345,1570.7963267948965,8767.006998924018,149225651.0455152,636172512.351933,34494.0
500.0,120.0,159043.12808798326,37306.4127613788,0.23456790123456797,36246.12524079224,1570.7963267948965,17160.949870234246,149225651.0455152,636172512.351933,41135.8
500.0,100.0,170993.40096704697,25356.139882315096,0.14828724230826668,24072.278564341348,1570.7963267948965,6972.938467636652,101424559.52926038,683973603.8681879,25921.4
500.0,160.0,180955.73684677208,15393.804002589983,0.08506944444444442,36034.06773667492,1570.7963267948965,7081.149841191393,61575216.01035993,723822947.3870883,37674.2
500.0,200.0,159043.12808798326,37306.4127613788,0.23456790123456797,45052.402147886125,1570.7963267948965,13243.776530289475,149225651.0455152,636172512.351933,46401.2
500.0,120.0,180955.73684677208,15393.804002589983,0.08506944444444442,28795.83826280404,1570.7963267948965,7081.149841191393,61575216.01035993,723822947.3870883,31524.9
500.0,160.0,177205.46061654927,19144.08023281279,0.10803324099722984,37159.15060574177,1570.7963267948965,8806.276907093883,76576320.93125117,708821842.4661971,39305.0
500.0,140.0,159043.12808798326,37306.4127613788,0.23456790123456797,35509.81446260713,1570.7963267948965,13243.776530289475,149225651.0455152,636172512.351933,38342.2
500.0,180.0,180955.73684677208,15393.804002589983,0.08506944444444442,38036.833053338414,1570.7963267948965,5464.800420919443,61575216.01035993,723822947.3870883,37767.0
500.0,200.0,180955.73684677208,15393.804002589983,0.08506944444444442,39808.69130996306,1570.7963267948965,3617.5439406086457,61575216.01035993,723822947.3870883,37425.7
500.0,180.0,170993.40096704697,25356.139882315096,0.14828724230826668,42442.6365199334,1570.7963267948965,11663.824345864945,101424559.52926038,683973603.8681879,45140.1
500.0,100.0,180955.73684677208,15393.804002589983,0.08506944444444442,21713.117625285857,1570.7963267948965,3617.5439406086457,61575216.01035993,723822947.3870883,22073.9
500.0,160.0,180955.73684677208,15393.804002589983,0.08506944444444442,33186.21399619578,1570.7963267948965,4233.296100712245,61575216.01035993,723822947.3870883,32458.2
500.0,120.0,159043.12808798326,37306.4127613788,0.23456790123456797,29344.43887993716,1570.7963267948965,10259.26350937917,149225651.0455152,636172512.351933,31259.3
500.0,180.0,170993.40096704697,25356.139882315096,0.14828724230826668,37751.750641705104,1570.7963267948965,6972.938467636652,101424559.52926038,683973603.8681879,37580.0
500.0,200.0,180955.73684677208,15393.804002589983,0.08506944444444442,40424.44347006667,1570.7963267948965,4233.296100712245,61575216.01035993,723822947.3870883,38368.9
500.0,140.0,177205.46061654927,19144.08023281279,0.10803324099722984,31604.912968965436,1570.7963267948965,6796.14848264854,76576320.93125117,708821842.4661971,32902.5
500.0,100.0,177205.46061654927,19144.08023281279,0.10803324099722984,22985.168125678447,1570.7963267948965,5264.622064023517,76576320.93125117,708821842.4661971,24204.0
500.0,140.0,159043.12808798326,37306.4127613788,0.23456790123456797,39426.9878025519,1570.7963267948965,17160.949870234246,149225651.0455152,636172512.351933,43993.7
500.0,120.0,180955.73684677208,15393.804002589983,0.08506944444444442,25947.984522324896,1570.7963267948965,4233.296100712245,61575216.01035993,723822947.3870883,26309.6
500.0,180.0,180955.73684677208,15393.804002589983,0.08506944444444442,36189.57657302762,1570.7963267948965,3617.5439406086457,61575216.01035993,723822947.3870883,34234.1
500.0,120.0,177205.46061654927,19144.08023281279,0.10803324099722984,26529.27733800943,1570.7963267948965,5264.622064023517,76576320.93125117,708821842.4661971,27262.4
500.0,140.0,170993.40096704697,25356.139882315096,0.14828724230826668,32940.505793608434,1570.7963267948965,9001.42965822186,101424559.52926038,683973603.8681879,35042.1
500.0,200.0,159043.12808798326,37306.4127613788,0.23456790123456797,48969.5754878309,1570.7963267948965,17160.949870234246,149225651.0455152,636172512.351933,52076.4
500.0,140.0,170993.40096704697,25356.139882315096,0.14828724230826668,35602.90048125152,1570.7963267948965,11663.824345864945,101424559.52926038,683973603.8681879,39331.2
500.0,100.0,159043.12808798326,37306.4127613788,0.23456790123456797,29148.0893390878,1570.7963267948965,13243.776530289475,149225651.0455152,636172512.351933,32949.9
500.0,140.0,180955.73684677208,15393.804002589983,0.08506944444444442,28951.347099156737,1570.7963267948965,3617.5439406086457,61575216.01035993,723822947.3870883,28266.8
500.0,120.0,177205.46061654927,19144.08023281279,0.10803324099722984,28060.80375663445,1570.7963267948965,6796.14848264854,76576320.93125117,708821842.4661971,29911.6
500.0,120.0,177205.46061654927,19144.08023281279,0.10803324099722984,25763.51412869692,1570.7963267948965,4498.858854711006,76576320.93125117,708821842.4661971,25928.9
500.0,200.0,177205.46061654927,19144.08023281279,0.10803324099722984,42237.2406059584,1570.7963267948965,6796.14848264854,76576320.93125117,708821842.4661971,42001.9
500.0,160.0,159043.12808798326,37306.4127613788,0.23456790123456797,42607.85036431157,1570.7963267948965,17160.949870234246,149225651.0455152,636172512.351933,46691.7
500.0,100.0,159043.12808798326,37306.4127613788,0.23456790123456797,24671.319807722346,1570.7963267948965,8767.006998924018,149225651.0455152,636172512.351933,26335.8
500.0,120.0,170993.40096704697,25356.139882315096,0.14828724230826668,32183.032461910578,1570.7963267948965,11663.824345864945,101424559.52926038,683973603.8681879,36409.3
500.0,180.0,170993.40096704697,25356.139882315096,0.14828724230826668,36737.50504641251,1570.7963267948965,5958.692872344048,101424559.52926038,683973603.8681879,35858.5
500.0,200.0,177205.46061654927,19144.08023281279,0.10803324099722984,40705.714187333375,1570.7963267948965,5264.622064023517,76576320.93125117,708821842.4661971,39256.0
600.0,180.0,264207.9421669016,18535.3966561798,0.07015457788347214,56083.71205188499,1884.9555921538758,8526.282461842708,88969903.94966304,1268198122.4011276,57557.3
600.0,180.0,237582.9444277281,45160.3943953533,0.1900826446280993,58796.87000734148,1884.9555921538758,16031.940010350423,216769893.09769586,1140398133.253095,61055.9
600.0,120.0,237582.9444277281,45160.3943953533,0.1900826446280993,44541.893341677795,1884.9555921538758,16031.940010350423,216769893.09769586,1140398133.253095,48857.5
600.0,120.0,259672.26777328135,23071.071049800055,0.08884688090737244,41773.36481570178,1884.9555921538758,10612.692682908024,110741141.03904027,1246426885.3117504,45727.8
600.0,180.0,259672.26777328135,23071.071049800055,0.08884688090737244,52162.70989589365,1884.9555921538758,5421.701696703013,110741141.03904027,1246426885.3117504,49652.6
600.0,180.0,237582.9444277281,45160.3943953533,0.1900826446280993,63538.71141885358,1884.9555921538758,20773.78142186252,216769893.09769586,1140398133.253095,68239.8
600.0,180.0,259672.26777328135,23071.071049800055,0.08884688090737244,57353.70088209866,1884.9555921538758,10612.692682908024,110741141.03904027,1246426885.3117504,59009.1
600.0,160.0,252140.7392092713,30602.599613810104,0.12137110293950006,51206.441136386,1884.9555921538758,10863.922862902587,146892478.14628848,1210275548.2045023,52770.7
600.0,100.0,259672.26777328135,23071.071049800055,0.08884688090737244,34157.457000007154,1884.9555921538758,8190.23022267902,110741141.03904027,1246426885.3117504,36923.0
600.0,100.0,252140.7392092713,30602.599613810104,0.12137110293950006,39291.26974327978,1884.9555921538758,14077.195822352647,146892478.14628848,1210275548.2045023,45361.6
600.0,200.0,252140.7392092713,30602.599613810104,0.12137110293950006,64505.34366420691,1884.9555921538758,14077.195822352647,146892478.14628848,1210275548.2045023,66557.9
600.0,140.0,252140.7392092713,30602.599613810104,0.12137110293950006,42491.31439854335,1884.9555921538758,7191.610909245374,146892478.14628848,1210275548.2045023,42301.8
600.0,100.0,252140.7392092713,30602.599613810104,0.12137110293950006,36077.996783829716,1884.9555921538758,10863.922862902587,146892478.14628848,1210275548.2045023,39846.8
600.0,200.0,252140.7392092713,30602.599613810104,0.12137110293950006,57619.75875109963,1884.9555921538758,7191.610909245374,146892478.14628848,1210275548.2045023,55104.7
600.0,200.0,237582.9444277281,45160.3943953533,0.1900826446280993,58129.28156845365,1884.9555921538758,10612.692682908026,216769893.09769586,1140398133.253095,56758.4
600.0,160.0,237582.9444277281,45160.3943953533,0.1900826446280993,54045.211118786916,1884.9555921538758,16031.940010350423,216769893.09769586,1140398133.253095,57016.5
600.0,160.0,252140.7392092713,30602.599613810104,0.12137110293950006,47534.12918272878,1884.9555921538758,7191.610909245374,146892478.14628848,1210275548.2045023,46558.7
600.0,200.0,264207.9421669016,18535.3966561798,0.07015457788347214,61367.87089522303,1884.9555921538758,8526.282461842708,88969903.94966304,1268198122.4011276,62021.6
600.0,140.0,264207.9421669016,18535.3966561798,0.07015457788347214,43569.177716310056,1884.9555921538758,6580.065812943829,88969903.94966304,1268198122.4011276,44657.5
600.0,200.0,252140.7392092713,30602.599613810104,0.12137110293950006,61292.07070475685,1884.9555921538758,10863.922862902587,146892478.14628848,1210275548.2045023,61424.4
600.0,140.0,259672.26777328135,23071.071049800055,0.08884688090737244,42698.66202695441,1884.9555921538758,6344.544538695015,110741141.03904027,1246426885.3117504,42448.9
600.0,180.0,237582.9444277281,45160.3943953533,0.1900826446280993,53377.62267989909,1884.9555921538758,10612.692682908026,216769893.09769586,1140398133.253095,52689.9
600.0,160.0,252140.7392092713,30602.599613810104,0.12137110293950006,48758.233167281185,1884.9555921538758,8415.714893797778,146892478.14628848,1210275548.2045023,48689.9
600.0,140.0,259672.26777328135,23071.071049800055,0.08884688090737244,41775.819184962405,1884.9555921538758,5421.701696703013,110741141.03904027,1246426885.3117504,40760.0
600.0,140.0,252140.7392092713,30602.599613810104,0.12137110293950006,43715.418383095755,1884.9555921538758,8415.714893797778,146892478.14628848,1210275548.2045023,44380.3
600.0,200.0,264207.9421669016,18535.3966561798,0.07015457788347214,59421.65424632415,1884.9555921538758,6580.065812943829,88969903.94966304,1268198122.4011276,58214.5
600.0,160.0,264207.9421669016,18535.3966561798,0.07015457788347214,48853.33655964809,1884.9555921538758,6580.065812943829,88969903.94966304,1268198122.4011276,49179.1
600.0,100.0,264207.9421669016,18535.3966561798,0.07015457788347214,34947.07667853287,1884.9555921538758,8526.282461842708,88969903.94966304,1268198122.4011276,39521.7
600.0,160.0,237582.9444277281,45160.3943953533,0.1900826446280993,50432.379567158656,1884.9555921538758,12419.108458722158,216769893.09769586,1140398133.253095,51117.0
600.0,120.0,252140.7392092713,30602.599613810104,0.12137110293950006,38672.60359891033,1884.9555921538758,8415.714893797778,146892478.14628848,1210275548.2045023,40057.5
600.0,180.0,259672.26777328135,23071.071049800055,0.08884688090737244,54931.23842186966,1884.9555921538758,8190.23022267902,110741141.03904027,1246426885.3117504,54645.5
600.0,200.0,237582.9444277281,45160.3943953533,0.1900826446280993,59935.69734426778,1884.9555921538758,12419.108458722158,216769893.09769586,1140398133.253095,59490.4
600.0,140.0,237582.9444277281,45160.3943953533,0.1900826446280993,43874.304902789954,1884.9555921538758,10612.692682908026,216769893.09769586,1140398133.253095,44603.1
600.0,100.0,237582.9444277281,45160.3943953533,0.1900826446280993,44532.075864635335,1884.9555921538758,20773.78142186252,216769893.09769586,1140398133.253095,52122.5
600.0,120.0,237582.9444277281,45160.3943953533,0.1900826446280993,39122.6460142354,1884.9555921538758,10612.692682908026,216769893.09769586,1140398133.253095,40561.8
600.0,100.0,264207.9421669016,18535.3966561798,0.07015457788347214,33000.860029633994,1884.9555921538758,6580.065812943829,88969903.94966304,1268198122.4011276,35665.3
600.0,200.0,252140.7392092713,30602.599613810104,0.12137110293950006,58843.86273565204,1884.9555921538758,8415.714893797778,146892478.14628848,1210275548.2045023,57278.0
600.0,120.0,264207.9421669016,18535.3966561798,0.07015457788347214,38285.01887297202,1884.9555921538758,6580.065812943829,88969903.94966304,1268198122.4011276,40181.6
600.0,200.0,259672.26777328135,23071.071049800055,0.08884688090737244,57356.15525135928,1884.9555921538758,5421.701696703013,110741141.03904027,1246426885.3117504,53963.1
600.0,120.0,264207.9421669016,18535.3966561798,0.07015457788347214,36060.77127423044,1884.9555921538758,4355.818214202253,88969903.94966304,1268198122.4011276,35643.9
600.0,100.0,237582.9444277281,45160.3943953533,0.1900826446280993,36177.40290149496,1884.9555921538758,12419.108458722158,216769893.09769586,1140398133.253095,39305.7
600.0,100.0,252140.7392092713,30602.599613810104,0.12137110293950006,32405.684830172504,1884.9555921538758,7191.610909245374,146892478.14628848,1210275548.2045023,33680.5
600.0,180.0,237582.9444277281,45160.3943953533,0.1900826446280993,55184.03845571322,1884.9555921538758,12419.108458722158,216769893.09769586,1140398133.253095,55493.9
600.0,180.0,264207.9421669016,18535.3966561798,0.07015457788347214,52654.66367049173,1884.9555921538758,5097.234080449445,88969903.94966304,1268198122.4011276,50744.8
600.0,120.0,252140.7392092713,30602.599613810104,0.12137110293950006,41120.811568015146,1884.9555921538758,10863.922862902587,146892478.14628848,1210275548.2045023,44244.6
600.0,140.0,264207.9421669016,18535.3966561798,0.07015457788347214,45515.39436520893,1884.9555921538758,8526.282461842708,88969903.94966304,1268198122.4011276,48538.9
600.0,200.0,259672.26777328135,23071.071049800055,0.08884688090737244,62547.146237564295,1884.9555921538758,10612.692682908024,110741141.03904027,1246426885.3117504,63411.4
600.0,160.0,259672.26777328135,23071.071049800055,0.08884688090737244,49737.79306640404,1884.9555921538758,8190.23022267902,110741141.03904027,1246426885.3117504,50236.0
600.0,160.0,252140.7392092713,30602.599613810104,0.12137110293950006,54419.71409583606,1884.9555921538758,14077.195822352647,146892478.14628848,1210275548.2045023,58198.4
600.0,140.0,264207.9421669016,18535.3966561798,0.07015457788347214,42086.34598381567,1884.9555921538758,5097.234080449445,88969903.94966304,1268198122.4011276,41683.8
600.0,100.0,259672.26777328135,23071.071049800055,0.08884688090737244,31388.928474031145,1884.9555921538758,5421.701696703013,110741141.03904027,1246426885.3117504,31925.1
600.0,140.0,259672.26777328135,23071.071049800055,0.08884688090737244,46966.81017116742,1884.9555921538758,10612.692682908024,110741141.03904027,1246426885.3117504,50152.5
600.0,180.0,259672.26777328135,23071.071049800055,0.08884688090737244,53085.55273788566,1884.9555921538758,6344.544538695015,110741141.03904027,1246426885.3117504,51040.4
600.0,160.0,259672.26777328135,23071.071049800055,0.08884688090737244,47892.107382420036,1884.9555921538758,6344.544538695015,110741141.03904027,1246426885.3117504,46891.4
600.0,180.0,252140.7392092713,30602.599613810104,0.12137110293950006,56249.25592057142,1884.9555921538758,10863.922862902587,146892478.14628848,1210275548.2045023,56671.7
600.0,160.0,264207.9421669016,18535.3966561798,0.07015457788347214,46629.08896090651,1884.9555921538758,4355.818214202253,88969903.94966304,1268198122.4011276,44767.1
600.0,100.0,259672.26777328135,23071.071049800055,0.08884688090737244,36579.91946023616,1884.9555921538758,10612.692682908024,110741141.03904027,1246426885.3117504,41306.3
600.0,120.0,252140.7392092713,30602.599613810104,0.12137110293950006,37448.49961435793,1884.9555921538758,7191.610909245374,146892478.14628848,1210275548.2045023,37984.1
600.0,160.0,259672.26777328135,23071.071049800055,0.08884688090737244,46969.26454042803,1884.9555921538758,5421.701696703013,110741141.03904027,1246426885.3117504,45223.3
600.0,100.0,264207.9421669016,18535.3966561798,0.07015457788347214,31518.02829713961,1884.9555921538758,5097.234080449445,88969903.94966304,1268198122.4011276,32711.7
600.0,140.0,237582.9444277281,45160.3943953533,0.1900826446280993,45680.72067860409,1884.9555921538758,12419.108458722158,216769893.09769586,1140398133.253095,47406.9
600.0,160.0,237582.9444277281,45160.3943953533,0.1900826446280993,48625.963791344526,1884.9555921538758,10612.692682908026,216769893.09769586,1140398133.253095,48652.3
600.0,120.0,237582.9444277281,45160.3943953533,0.1900826446280993,49283.73475318989,1884.9555921538758,20773.78142186252,216769893.09769586,1140398133.253095,56123.7
600.0,100.0,252140.7392092713,30602.599613810104,0.12137110293950006,33629.78881472491,1884.9555921538758,8415.714893797778,146892478.14628848,1210275548.2045023,35765.3
600.0,160.0,264207.9421669016,18535.3966561798,0.07015457788347214,50799.55320854697,1884.9555921538758,8526.282461842708,88969903.94966304,1268198122.4011276,53048.4
600.0,200.0,237582.9444277281,45160.3943953533,0.1900826446280993,63548.52889589604,1884.9555921538758,16031.940010350423,216769893.09769586,1140398133.253095,65098.9
600.0,120.0,264207.9421669016,18535.3966561798,0.07015457788347214,40231.2355218709,1884.9555921538758,8526.282461842708,88969903.94966304,1268198122.4011276,43962.3
600.0,160.0,259672.26777328135,23071.071049800055,0.08884688090737244,52160.25552663304,1884.9555921538758,10612.692682908024,110741141.03904027,1246426885.3117504,54545.7
600.0,140.0,237582.9444277281,45160.3943953533,0.1900826446280993,49293.55223023236,1884.9555921538758,16031.940010350423,216769893.09769586,1140398133.253095,52966.0
600.0,180.0,264207.9421669016,18535.3966561798,0.07015457788347214,54137.49540298612,1884.9555921538758,6580.065812943829,88969903.94966304,1268198122.4011276,53605.0
600.0,200.0,264207.9421669016,18535.3966561798,0.07015457788347214,57197.406647582575,1884.9555921538758,4355.818214202253,88969903.94966304,1268198122.4011276,53682.5
600.0,180.0,252140.7392092713,30602.599613810104,0.12137110293950006,59462.528880021484,1884.9555921538758,14077.195822352647,146892478.14628848,1210275548.2045023,62465.2
600.0,100.0,264207.9421669016,18535.3966561798,0.07015457788347214,30776.612430892415,1884.9555921538758,4355.818214202253,88969903.94966304,1268198122.4011276,31217.6
600.0,160.0,264207.9421669016,18535.3966561798,0.07015457788347214,47370.5048271537,1884.9555921538758,5097.234080449445,88969903.94966304,1268198122.4011276,46185.1
600.0,120.0,237582.9444277281,45160.3943953533,0.1900826446280993,40929.06179004953,1884.9555921538758,12419.108458722158,216769893.09769586,1140398133.253095,43355.2
600.0,180.0,252140.7392092713,30602.599613810104,0.12137110293950006,53801.047951466615,1884.9555921538758,8415.714893797778,146892478.14628848,1210275548.2045023,52971.6
600.0,200.0,264207.9421669016,18535.3966561798,0.07015457788347214,57938.82251382977,1884.9555921538758,5097.234080449445,88969903.94966304,1268198122.4011276,55162.7
600.0,140.0,259672.26777328135,23071.071049800055,0.08884688090737244,44544.34771093841,1884.9555921538758,8190.23022267902,110741141.03904027,1246426885.3117504,45810.4
600.0,100.0,259672.26777328135,23071.071049800055,0.08884688090737244,32311.771316023147,1884.9555921538758,6344.544538695015,110741141.03904027,1246426885.3117504,33557.3
600.0,140.0,237582.9444277281,45160.3943953533,0.1900826446280993,54035.39364174445,1884.9555921538758,20773.78142186252,216769893.09769586,1140398133.253095,60075.4
600.0,120.0,264207.9421669016,18535.3966561798,0.07015457788347214,36802.18714047763,1884.9555921538758,5097.234080449445,88969903.94966304,1268198122.4011276,37114.3
600.0,180.0,264207.9421669016,18535.3966561798,0.07015457788347214,51913.247804244544,1884.9555921538758,4355.818214202253,88969903.94966304,1268198122.4011276,49276.3
600.0,120.0,259672.26777328135,23071.071049800055,0.08884688090737244,37505.21667148878,1884.9555921538758,6344.544538695015,110741141.03904027,1246426885.3117504,38048.2
600.0,140.0,252140.7392092713,30602.599613810104,0.12137110293950006,46163.62635220057,1884.9555921538758,10863.922862902587,146892478.14628848,1210275548.2045023,48521.0
600.0,200.0,237582.9444277281,45160.3943953533,0.1900826446280993,68290.37030740814,1884.9555921538758,20773.78142186252,216769893.09769586,1140398133.253095,72282.7
600.0,140.0,252140.7392092713,30602.599613810104,0.12137110293950006,49376.899311650624,1884.9555921538758,14077.195822352647,146892478.14628848,1210275548.2045023,53940.1
600.0,100.0,237582.9444277281,45160.3943953533,0.1900826446280993,39790.23445312324,1884.9555921538758,16031.940010350423,216769893.09769586,1140398133.253095,44863.1
600.0,140.0,264207.9421669016,18535.3966561798,0.07015457788347214,41344.93011756848,1884.9555921538758,4355.818214202253,88969903.94966304,1268198122.4011276,40240.4
600.0,120.0,259672.26777328135,23071.071049800055,0.08884688090737244,39350.90235547278,1884.9555921538758,8190.23022267902,110741141.03904027,1246426885.3117504,41227.6
600.0,120.0,259672.26777328135,23071.071049800055,0.08884688090737244,36582.37382949677,1884.9555921538758,5421.701696703013,110741141.03904027,1246426885.3117504,36345.9
600.0,200.0,259672.26777328135,23071.071049800055,0.08884688090737244,60124.68377733529,1884.9555921538758,8190.23022267902,110741141.03904027,1246426885.3117504,58891.7
600.0,160.0,237582.9444277281,45160.3943953533,0.1900826446280993,58787.05253029901,1884.9555921538758,20773.78142186252,216769893.09769586,1140398133.253095,64197.8
600.0,100.0,237582.9444277281,45160.3943953533,0.1900826446280993,34370.98712568083,1884.9555921538758,10612.692682908026,216769893.09769586,1140398133.253095,36501.7
600.0,120.0,252140.7392092713,30602.599613810104,0.12137110293950006,44334.0845274652,1884.9555921538758,14077.195822352647,146892478.14628848,1210275548.2045023,49645.2
600.0,180.0,252140.7392092713,30602.599613810104,0.12137110293950006,52576.94396691421,1884.9555921538758,7191.610909245374,146892478.14628848,1210275548.2045023,50824.4
600.0,200.0,259672.26777328135,23071.071049800055,0.08884688090737244,58278.998093351285,1884.9555921538758,6344.544538695015,110741141.03904027,1246426885.3117504,54727.5
